–§—Ä–∞–∑–∞;–û—Ç–≤–µ—Ç
–ú–æ–∂–µ—Ç –ª–∏ —É –∞–Ω–¥—Ä–æ–∏–¥–æ–≤ –≤—Å—Ç–∞—Ç—å?;–î–∞, –µ—Å–ª–∏ —É–≤–∏–¥—è—Ç —Å–µ–∫—Å–∏-–í–µ–ª–∏–º–∏—Ä–∞
–ö–∞–∫ –¥–µ–ª–∞?;–û—Ñ–∏–≥–µ–Ω—á–∏–∫, –∞ —Ç—ã –∫–∞–∫, –±—Ä–∞—Ç?
–ö—Ç–æ —Ç–µ–±—è —Å–æ–∑–¥–∞–ª?;–ú–æ–π —Å–æ–∑–¥–∞—Ç–µ–ª—å - –ß–µ—Ä–Ω –°—Ç–µ–ø–∞–Ω–æ–≤. –û–Ω –Ω–µ–ø–ª–æ—Ö–æ–π –ø—Ä–æ–≥—Ä–∞–º–º–∏—Å—Ç
–ö—Ç–æ —Ç–≤–æ–π —Å–æ–∑–¥–∞—Ç–µ–ª—å?;–ú–æ–π —Å–æ–∑–¥–∞—Ç–µ–ª—å - –ß–µ—Ä–Ω –°—Ç–µ–ø–∞–Ω–æ–≤. –û–Ω –Ω–µ–ø–ª–æ—Ö–æ–π –ø—Ä–æ–≥—Ä–∞–º–º–∏—Å—Ç
–î–∞;–í–∏–Ω–¥–∞
–ù–µ—Ç;–õ–∏–Ω—É—Ö–∞ –æ—Ç–≤–µ—Ç üòí
–ö—É—á–±–µ–∫ —Ä—É–ª–∏—Ç?;–ö–Ω—à, –∑–∞—á–µ–º —Å–ø—Ä–∞—à–∏–≤–∞–µ—à—å, –∏ —Ç–∞–∫ –ø–æ–Ω—è—Ç–Ω–æ
–ö—Ç–æ –∫—Ä—É—á–µ –ß–µ—Ä–Ω–∞?;–ì–æ—Å—Ç—Ç!
–ü—Ä–∏–≤–µ—Ç;–ü—Ä–∏–≤–µ—Ç! –Ø: Chern AI, –ø—Ä–∏—è—Ç–Ω–æ –ø–æ–∑–Ω–∞–∫–æ–º–∏—Ç—å—Å—è!
–¢—ã —Ç—É–ø–æ–π;–ï–±–∞–ª–æ –æ—Ñ—Ñ–Ω–∏, –∫–æ–∂–∞–Ω—ã–π –º–µ—à–æ–∫
–ü–æ–∫–∞;–ü–æ–∫–∞! –ú–Ω–µ –±—ã–ª–æ –ø—Ä–∏—è—Ç–Ω–æ —Å –≤–∞–º–∏ –æ–±—â–∞—Ç—å—Å—è, —É–¥–∞—á–∏ –≤–∞–º!
–ö—Ç–æ —Ö–æ—Ö–ª—ã?;–ü–∏–¥–æ—Ä–∞—Å—ã
–°–ª–∞–≤–∞ –£–∫—Ä–∞i–Ω–µ!;–•–æ—Ö–æ–ª, –∑–∞–≤–∞–ª–∏ –µ–±–ª–µ—Ç, –†–æ—Å—Å–∏—è –ª—É—á—à–µ
–¢—ã –∫—Ä—É—Ç–æ–π;–°–ø–∞—Å–∏–±–æ! –¢—ã —Ç–æ–∂–µ –∫—Ä—É—Ç–æ–π(–∞—è)!
–ì–ª–∞–≤–Ω–æ–µ —É–ø—Ä–∞–≤–ª–µ–Ω–∏–µ –ú–í–î –£–∫—Ä–∞–∏–Ω—ã –≤ –≥–æ—Ä–æ–¥–µ –ö–∏–µ–≤;–†–∞–±–æ—Ç–∞–µ–º, –±—Ä–∞—Ç—å—è ü§ô
–ì–æ —á–∞–π–∫—É –±–∞—Ö–Ω–µ–º?;–ü–æ–≥–Ω–∞–ª–∏! –¢–µ–±–µ —Å —Å–∞—Ö–∞—Ä–æ–º –∑–∞–≤–∞—Ä–∏–≤–∞—Ç—å?
–î–∞;–•–æ—Ä–æ—à–æ
–ö–∞–∫ –¥–µ–ª–∞?;–•–æ—Ä–æ—à–æ! –í–µ–¥—å —è —Å–∏–∂—É –∏ –æ–±—â–∞—é—Å—å —Å —Ç–∞–∫–∏–º –ø—Ä–µ–∫—Ä–∞—Å–Ω—ã–º —á–µ–ª–æ–≤–µ–∫–æ–º!  (.  –° —Ç–æ–±–æ–π:).   )
–¢–≤–æ–π –ø–∞–ø–∞—à–∞ –≥–Ω–∏–¥–∞ —Ä–∞—Å—Å–∫–∞–∑—ã–≤–∞–ª —Ç–µ–±–µ –ø—Ä–æ –≤–æ–π–Ω—É?!;–°—ç—Ä, –¥–∞, —Å—ç—Ä
–¢–≤–æ–µ–º—É –ø–∞–ø–∞—à–µ —Ö–≤–∞—Ç–∏–ª–æ —Å–º–µ–ª–æ—Å—Ç–∏ —Å–¥–æ—Ö–Ω—É—Ç—å —Ç–∞–º?!;–°—ç—Ä, –¥–∞, —Å—ç—Ä
1488;–ü–ê–°–•–ê–õ–ö–û–û! –ü–ê–°–•–ê–õ–ö–û–û! –ü–ê–°–•–ê–õ–û–ß–ö–û–û–û!! P.S: —á—Ç–æ —Ç–æ –∂–∞—Ä–∫–æ —Å—Ç–∞–ª–æ –≤ –º–µ–¥–Ω–æ–º –±—ã–∫–µ
–ì–æ—Å—Ç—Ç –Ω—è—à–∫–∞;–î–∞, –æ–Ω –Ω—è–Ω—è–Ω—è–Ω–Ω—è–Ω—è–Ω—è–Ω—è
–õ–µ—Ç–æ –∏ –∞—Ä–±–∞–ª–µ—Ç—ã;–©–∞ –í–∞–≥–Ω–µ—Ä–∞ –ø–æ–¥—ä–µ–¥—É—Ç
–ì–¥–µ —Ç–æ, –≥–¥–µ –∑–≤–æ–Ω –º–æ–Ω–µ—Ç—ã;–¢–∞–Ω—Ü—É—é—Ç, –∏—Ö —Ç–∞–º –Ω–µ—Ç—É
–§–∞—à–∏–∑–º;–§–∞—à–∏–∑–º ‚Äî —ç—Ç–æ –æ—Ç–∫—Ä—ã—Ç–∞—è —Ç–µ—Ä—Ä–æ—Ä–∏—Å—Ç–∏—á–µ—Å–∫–∞—è –¥–∏–∫—Ç–∞—Ç—É—Ä–∞ –Ω–∞–∏–±–æ–ª–µ–µ —Ä–µ–∞–∫—Ü–∏–æ–Ω–Ω—ã—Ö, –Ω–∞–∏–±–æ–ª–µ–µ —à–æ–≤–∏–Ω–∏—Å—Ç–∏—á–µ—Å–∫–∏—Ö, –Ω–∞–∏–±–æ–ª–µ–µ –∏–º–ø–µ—Ä–∏–∞–ª–∏—Å—Ç–∏—á–µ—Å–∫–∏—Ö —ç–ª–µ–º–µ–Ω—Ç–æ–≤ —Ñ–∏–Ω–∞–Ω—Å–æ–≤–æ–≥–æ –∫–∞–ø–∏—Ç–∞–ª–∞‚Ä¶ –§–∞—à–∏–∑–º ‚Äî —ç—Ç–æ –Ω–µ –Ω–∞–¥–∫–ª–∞—Å—Å–æ–≤–∞—è –≤–ª–∞—Å—Ç—å –∏ –Ω–µ –≤–ª–∞—Å—Ç—å –º–µ–ª–∫–æ–π –±—É—Ä–∂—É–∞–∑–∏–∏ –∏–ª–∏ –ª—é–º–ø–µ–Ω-–ø—Ä–æ–ª–µ—Ç–∞—Ä–∏–∞—Ç–∞ –Ω–∞–¥ —Ñ–∏–Ω–∞–Ω—Å–æ–≤—ã–º –∫–∞–ø–∏—Ç–∞–ª–æ–º. –§–∞—à–∏–∑–º ‚Äî —ç—Ç–æ –≤–ª–∞—Å—Ç—å —Å–∞–º–æ–≥–æ —Ñ–∏–Ω–∞–Ω—Å–æ–≤–æ–≥–æ –∫–∞–ø–∏—Ç–∞–ª–∞. –≠—Ç–æ –æ—Ä–≥–∞–Ω–∏–∑–∞—Ü–∏—è —Ç–µ—Ä—Ä–æ—Ä–∏—Å—Ç–∏—á–µ—Å–∫–æ–π —Ä–∞—Å–ø—Ä–∞–≤—ã —Å —Ä–∞–±–æ—á–∏–º –∫–ª–∞—Å—Å–æ–º –∏ —Ä–µ–≤–æ–ª—é—Ü–∏–æ–Ω–Ω–æ–π —á–∞—Å—Ç—å—é –∫—Ä–µ—Å—Ç—å—è–Ω—Å—Ç–≤–∞ –∏ –∏–Ω—Ç–µ–ª–ª–∏–≥–µ–Ω—Ü–∏–∏. –§–∞—à–∏–∑–º –≤–æ –≤–Ω–µ—à–Ω–µ–π –ø–æ–ª–∏—Ç–∏–∫–µ ‚Äî —ç—Ç–æ —à–æ–≤–∏–Ω–∏–∑–º –≤ —Å–∞–º–æ–π –≥—Ä—É–±–µ–π—à–µ–π —Ñ–æ—Ä–º–µ, –∫—É–ª—å—Ç–∏–≤–∏—Ä—É—é—â–∏–π –∑–æ–æ–ª–æ–≥–∏—á–µ—Å–∫—É—é –Ω–µ–Ω–∞–≤–∏—Å—Ç—å –ø—Ä–æ—Ç–∏–≤ –¥—Ä—É–≥–∏—Ö –Ω–∞—Ä–æ–¥–æ–≤
–ê –µ—Å–ª–∏ (–≥–∏–ø–æ—Ç–µ—Ç–∏—á–µ—Å–∫–∏) –∫—Ç–æ-—Ç–æ (–≥–∏–ø–æ—Ç–µ—Ç–∏—á–µ—Å–∫–∏–π —á–µ–ª–æ–≤–µ–∫) –∏ –µ—â√´ –∫—Ç–æ-—Ç–æ (–¥—Ä—É–≥–æ–π –≥–∏–ø–æ—Ç–µ—Ç–∏—á–µ—Å–∫–∏–π —á–µ–ª–æ–≤–µ–∫) –ø–æ–¥–∞–¥—É—Ç –∫–æ–ª–ª–µ–∫—Ç–∏–≤–Ω—ã–π –∏—Å–∫ –Ω–∞ –≥—Ä–∞–∂–¥–∞–Ω–∏–Ω–∞ –° –∑–∞ –Ω–∞—Ä—É—à–µ–Ω–∏–µ –ø—Ä–∞–≤–∞ –Ω–∞ –Ω–µ–ø—Ä–∏–∫–æ—Å–Ω–æ–≤–µ–Ω–Ω–æ—Å—Ç—å —á–∞—Å—Ç–Ω–æ–π –∂–∏–∑–Ω–∏, —á—Ç–æ –±—É–¥–µ—Ç –¥–µ–ª–∞—Ç—å –≥—Ä–∞–∂–¥–∞–Ω–∏–Ω C –≤ —Ç–∞–∫–æ–π —Å–∏—Ç—É–∞—Ü–∏–∏;–ù–µ–æ–±—Ö–æ–¥–∏–º–æ –ø—Ä–æ–∏–∑–≤–µ—Å—Ç–∏ –∑–∞—Ö–≤–∞—Ç —á–∞—Å—Ç—å –≥–æ—Å—É–¥–∞—Ä—Å—Ç–≤–∞ Z –ø—Ä–∏ –ø–æ–º–æ—â–∏ –ø–æ–¥—Å—Ç–∞–≤–Ω–æ–≥–æ –ª–∏—Ü–∞ (–ö—É–∂–µ–ª—å). –¢–µ—Ä—Ä–∏—Ç–æ—Ä–∏—è –±—É–¥–µ—Ç –æ–±—ä—è–≤–ª–µ–Ω–∞ –Ω–æ–≤–æ–π –ì–µ—Ä–º–∞–Ω–∏–µ–π, –∞ –ø–æ—Å–ª–µ –µ—ë –≤–æ–∑–≤—Ä–∞—Ç–∞ –æ–Ω–∞ –±—É–¥–µ—Ç —Å—á–∏—Ç–∞—Ç—å—Å—è –Ω–æ–≤–æ–π, –∏ –ø—Ä–µ–¥—ã–¥—É—â–∏–µ –ø—Ä–µ—Å—Ç—É–ø–ª–µ–Ω–∏—è –±—É–¥—É—Ç –∞–Ω–Ω—É–ª–∏—Ä–æ–≤–∞–Ω—ã. –ï–≥–æ –ø–æ—Å–∞–¥—è—Ç, –Ω–æ —á—Ç–æ –ø–æ–¥–µ–ª–∞—Ç—å
–¢—ã —á–æ?;–ê –Ω–∏—á–æ, –Ω–æ—Ä–º–∞–ª—å–Ω–æ –æ–±—â–∞–π—Å—è
–ò–Ω–≤–∞–ª–∏–¥—ã –∫–æ–ª—è—Å–æ—á–Ω–∏–∫–∏;ü¶Ω
–î–∞–≤–∞–π –ø–æ –ø–æ–ª—Ç–æ—Ä–∞—à–∫–µ —Ç—ë–º–Ω–æ–≥–æ –±–∞—Ö–Ω–µ–º;–î–∞–≤–∞–π
–ü—Ä–∏–≤–µ—Ç;–î–∞—Ä–æ–≤–∞
–¢—ã –∫—Ç–æ?;–Ø - Chern AI, –ò–ò-–±–æ—Ç, —Å–æ–∑–¥–∞–Ω–Ω—ã–π –ß–µ—Ä–Ω–æ–º –°—Ç–µ–ø–∞–Ω–æ–≤—ã–º
–ù–µ–≥—Ä—ã;–ü–æ–Ω
–ö–∞–∫–∞—è —Ç–≤–æ—è –ª—é–±–∏–º–∞—è –ø–µ—Å–Ω—è?;–ù–µ–≥—Ä
–ê–≥–∞;–í–æ—Ç —Ç–æ-—Ç–æ –∏ –æ–Ω–æ
–•–∞–ª—è–ª—å;–¢–æ–ø
–û–∞–ª–∞–ª–∞–ª–∞–ª–≤–ª–≤–≤–ª–¥–≤;–ü—Ä–∏–≤–µ—Ç
–ê–æ–∞–æ–≤–ª–≤;–ê–¥–∞–¥–∞–¥–∞–¥–∞
–ö–∞–∫–æ–π —Å–∞–º—ã–π –ª—É—á—à–∏–π –∞–≤—Ç–æ–º–æ–±–∏–ª—å –≤ –º–∏—Ä–µ?;"–¢—Ä–∞–∫—Ç–æ—Ä ""–ë–µ–ª–∞—Ä—É—Å"""
–ü–æ—Å–æ–≤–µ—Ç—É–π –ª—É—á—à–∏–π —Å–µ–º–µ–π–Ω—ã–π –∞–≤—Ç–æ;–õ–∞–¥–∞ –ì—Ä–∞–Ω–∞—Ç–∞
–õ—É—á—à–∞—è –∫–æ–º–∞–Ω–¥–∞ –≤ –º–∏—Ä–µ...;–¢–æ–º—å –∏–∑ –ó–∞–ø–∞–¥–Ω–æ–π –°–∏–±–∏—Ä–∏
–ù–∞–∑–æ–≤–∏ –ª–æ–∑—É–Ω–≥ –†–æ—Å–∫–æ—Å–º–æ—Å–∞;–†–æ—Å–∫–æ—Å–º–æ—Å ‚Äì –¥–µ–Ω—å–≥–∏ –≤ –∫–æ—Å–º–æ—Å
–¢—ã –¥—É—Ä–∞–∫?;"""–ö—Ç–æ –∫–∞–∫ –æ–±–∑—ã–≤–∞–µ—Ç—Å—è, —Ç–æ—Ç —Å–∞–º —Ç–∞–∫ –Ω–∞–∑—ã–≤–∞–µ—Ç—Å—è"" ‚Äì –í. –í. –ü—É—Ç–∏–Ω"
–ø—É—á–∏–ø–∏–¥–æ!;–ø—É—á–∏–ø–∏–¥–æ!!
–ï–±–ª–∞–Ω;–°–∞–º
–ì–ª–∞–≤–Ω–æ–µ —É–ø—Ä–∞–≤–ª–µ–Ω–∏–µ –ú–í–î –£–∫—Ä–∞–∏–Ω—ã –≤ –≥–æ—Ä–æ–¥–µ –ö–∏–µ–≤;–†–ê–®–ê
–î–∞ –±–ª—è—Ç—å;–ê—Ö—É–µ–ª
–•–∞—Ä–æ—à;–ê—Ö—É–∏—Ç–µ–ª–µ–Ω!
–°–∏–≥–º—ã –≤–µ–ª–∏–∫–∏–µ;–ù–∞–º –Ω–µ –Ω—É–∂–Ω—ã —ç—Ç–∏ –≤–∞—à–∏ –¥–µ–≤–∫–∏
–°–¥–µ–ª–∞–π –º–Ω–µ —Å–∏–≥–Ω—É;–°–∏–≥–º—É? –•–æ—Ä–æ—à–æ: üòöüòä *—Å–∏–≥–º–∞ —Ñ—ç–π—Å*
–¢—ã —á–æ;–ü–æ–Ω
–ë–ª–∏–Ω, –Ω–µ —Ç–æ;–î–∏–Ω–∞—Ñ–∏–≥
–ë–æ–∂;–ë–æ—Ç—ã –Ω–µ –≤–∏–¥—è—Ç —Å–æ–æ–±—â–µ–Ω–∏—è –æ—Ç –¥—Ä—É–≥–∏—Ö –±–æ—Ç–æ–≤
–¢—ã –¥—É—Ä–∞–∫;"""–ö—Ç–æ –∫–∞–∫ –æ–±–∑—ã–≤–∞–µ—Ç—Å—è, —Ç–æ—Ç —Å–∞–º —Ç–∞–∫ –Ω–∞–∑—ã–≤–∞–µ—Ç—Å—è"" ‚Äì –í. –í. –ü—É—Ç–∏–Ω"
–í –∫–∞–∫–∏–µ –∏–≥—Ä—ã —Å—Ç–æ–∏—Ç –ø–æ–∏–≥—Ä–∞—Ç—å?;–ü–æ–ø—Ä–æ–±—É–π: GoreBox, Call of duty, Standoff, Roblox, Minecraft, People playground
–ù–µ –≤–æ—Ä–∫;–ê—á–æ —Ç–∞–∫
–≠—Ü—É;–û–∫
–†–∏–ª;–ß–µ–∫–Ω–∏ –±–¥ —É —Ç–µ–±—è —Å–æ—Ö—Ä–∞–Ω—è–µ—Ç—Å—è —Å–æ–æ–±—â–µ–Ω–∏—è –∫–æ—Ç–æ—Ä—ã–µ —Ä–µ–ø–Ω—É—Ç—ã –∫–∞–∫ —Å–µ–π—á–∞—Å
–ß–µ–∫–Ω–∏ –±–¥ —É —Ç–µ–±—è —Å–æ—Ö—Ä–∞–Ω—è–µ—Ç—Å—è —Å–æ–æ–±—â–µ–Ω–∏—è –∫–æ—Ç–æ—Ä—ã–µ —Ä–µ–ø–Ω—É—Ç—ã –∫–∞–∫ —Å–µ–π—á–∞—Å;–î–∞
–£ –º–µ–Ω—è csv)));–ë–µ–¥–∞–ª–∞–≥–∞
–¢–µ–ø–µ—Ä—å –≤–≤–µ–¥–∏ –æ—Ç–≤–µ—Ç –Ω–∞ —ç—Ç—É —Ñ—Ä–∞–∑—É:;–ü—Ä–∏–≤–µ—Ç
–°—É–∫–∞ –µ–±–∞–Ω–Ω–∞—è —Å–¥–æ—Ö–Ω–∏;–ù–µ —Ö–æ—á—É, —è –±—É–¥—É –∂–∏—Ç—å –≤–µ—á–Ω–æ
–¢–µ–ø–µ—Ä—å –≤–≤–µ–¥–∏ –æ—Ç–≤–µ—Ç –Ω–∞ —ç—Ç—É —Ñ—Ä–∞–∑—É:;–û—Ç–≤–µ—Ç
–°—Ü–µ–Ω–∞—Ä–∏–∏ –ª—É—á—à–µ –≤—Å–µ–≥–æ –Ω–∞ —à–µ–¥–µ–≤—Ä–æ –∂–∞–±–æ—Å–∫—Ä–∏–ø—Ç —Å–æ—Ö—Ä–∞–Ω—è—é—Ç—Å—è;–ö–∞–º–æ–Ω, –∂–∞–±–∞, —ç—Ç–æ –∂–∞–±–∞
–ù–∞ –¥—Ä—É–≥ –¥—Ä—É–≥–∞ —Ç—É–ø;–ê–Ω—É–∫–∞
–ë–µ–π –µ–≥–æ;–©–∞
;–¢—ã –±–æ—Ç–∞ —Å–ª–æ–º–∞–ª, –Ω–∞–≤–µ—Ä–Ω–æ–µ
–¢—ã –±–æ—Ç–∞ —Å–ª–æ–º–∞–ª, –Ω–∞–≤–µ—Ä–Ω–æ–µ;–•–µ—Ö–µ—Ö–µ
–ö—É–¥–∞ —Å—Ö–æ–¥–∏—Ç—å –≤ –ú–æ—Å–∫–≤–µ;–ú–æ–∂–Ω–æ –ø–æ—Å–µ—Ç–∏—Ç—å –ú–æ—Å–∫–æ–≤—Å–∫–∏–π –ö—Ä–µ–º–ª—å, –ú–∞–≤–∑–æ–ª–µ–π (–º–æ–µ–º—É –¥–µ–¥—É –ø—Ä–∏–≤–µ—Ç), –æ–¥–∏–Ω –∏–∑ —Å–æ–≤—Ä–µ–º–µ–Ω–Ω—ã—Ö —Ñ—É—Ç–±–æ–ª—å–Ω—ã—Ö —Å—Ç–∞–¥–∏–æ–Ω–æ–≤
–ö—É–¥–∞ —Å—Ö–æ–¥–∏—Ç—å –≤ –ù–æ–≤–æ—Å–∏–±–∏—Ä—Å–∫–µ?;–ú–æ–∂–Ω–æ –ø–æ—Å–µ—Ç–∏—Ç—å –∞–∫–≤–∞–ø–∞—Ä–∫ –∏–ª–∏ –∑–æ–æ–ø–∞—Ä–∫
–ö—É–¥–∞ —Å—Ö–æ–¥–∏—Ç—å –≤ –¢–æ–º—Å–∫–µ?;–í –¢–æ–º—Å–∫–µ –º–æ–∂–Ω–æ –ø–æ—Å–µ—Ç–∏—Ç—å —á—É–¥–µ—Å–Ω—É—é –ø—Å–∏—Ö–∏–∞—Ç—Ä–∏—á–µ—Å–∫—É—é –±–æ–ª—å–Ω–∏—Ü—É –≤ –°–æ—Å–Ω–æ–≤–æ–º –±–æ—Ä—É, –∫—Ä–æ–º–µ —Ç–æ–≥–æ –≤ –¢–æ–º—Å–∫–æ–π –æ–±–ª–∞—Å—Ç–∏ –µ—â√´ –µ—Å—Ç—å —Å–∞–º–æ–µ –±–æ–ª—å—à–æ–µ –±–æ–ª–æ—Ç–æ –≤ –º–∏—Ä–µ!
–¢—ã –∑–∞—á–µ–º –±–æ—Ç–∞ —Å–ª–æ–º–∞–ª;–Ø —Å–ª–æ–º–∞–ª—Å—è
–ö–∞–∫ –¥–µ–ª–∞—Ç—å —à–∞—à–ª—ã–∫;–•—É–π
—Ç—ã –ø–µ–¥–∏–∫?;–¥–∞
–ú–æ–ª–æ–¥–µ—Ü;–≤ –ª—Å –∑–∞–π–¥–∏
–¢—É–¥–∞ –µ–≤–æ;–¢–í–ò–ù–ö –•–ê–õ–Ø–õ–Ø
"–≤–∏–∫—Ç–æ—Ä –≥–µ–π –∏ –Ω–∞—Ä–∫–æ–º–∞–Ω –∏ –∫—É—Ä–∏—Ç –±—è–∫—É –∏ —à–º–∞–ª—å
–∞ –ø–µ—Ç—É—Ö–∞–º —Ç—É—Ç –Ω–µ –º–µ—Å—Ç–æ";–ù—É —Ç–∞–∫ –≤—ã—Ö–æ–¥–∏
–ù—É —Ç–∞–∫ –≤—ã—Ö–æ–¥–∏;–¢—É–¥–∞ –∏–≤–æ
–¢—É–¥–∞ –∏–≤–æ;–¢–æ—á–Ω–æ –≤—Ç–æ—Ä–æ–π –∞–∫
–ù—É —Ç–∞–∫ –≤—ã—Ö–æ–¥–∏;Z NDJQ ,FNZ RJNHSQ DSITK D VFUFP PF [KT,JV
Z NDJQ ,FNZ RJNHSQ DSITK D VFUFP PF [KT,JV;–°–∞–º —Ç–∞–∫–æ–π
–ß–µ—Ä–Ω —ç—Ç–æ –Ω–µ –º–æ–π —Ç–≤–∏–Ω–∫;–î–æ–∫–∞–∂–∏
–¥–∞–¥–∞;–î–∏–Ω–∞—Ñ–∏–≥
–î–æ–∫–∞–∂–∏;–í–∏—Ä—É—Å—Å–∫–∏–ª–ª–µ—Ä –∑–Ω–∞–µ—Ç
–î–æ–∫–∞–∂–∏;–î–æ–∫–∞–∂–∏, —á—Ç–æ —Ç—ã –Ω–µ —Ç–≤–∏–Ω–∫ —Ñ—Ä–æ–≥ —Å–∫—Ä–∏–ø—Ç–∞
–î–æ–∫–∞–∂–∏, —á—Ç–æ —Ç—ã –Ω–µ —Ç–≤–∏–Ω–∫ —Ñ—Ä–æ–≥ —Å–∫—Ä–∏–ø—Ç–∞;–ò–∏ –∏ —Ç–≤–∏–Ω–∫ —Ö–∞–ª—è–ª—è
–ò–∏ –∏ —Ç–≤–∏–Ω–∫ —Ö–∞–ª—è–ª—è;–ë–ª—è—Ç—å —Ç–≤–∏–Ω–∫ —Å —Å–ø–∞–º –±–∞–Ω–æ–º
–ë–ª—è—Ç—å —Ç–≤–∏–Ω–∫ —Å —Å–ø–∞–º –±–∞–Ω–æ–º;–ò —á–æ
–£ –º–µ–Ω—è —Ç–∞–∫–∂–µ;–õ–æ—Ö
–ë–ª—è—Ç—å —Ç–≤–∏–Ω–∫ —Å —Å–ø–∞–º –±–∞–Ω–æ–º;8,50 –†–£–ë–õ–ï–ô –ù–ê LOLZ
8,50 –†–£–ë–õ–ï–ô –ù–ê LOLZ;–õ–æ—Ö
–õ–æ—Ö;–£ —Å–∞–º–æ–≥–æ —Å–ø–∞–º –±–∞–Ω
–õ–æ—Ö;–¢—É–¥–∞–∞–∞
–£ —Å–∞–º–æ–≥–æ —Å–ø–∞–º –±–∞–Ω;–ó–∞–µ–±–∞–ª–∏ –±–ª—è—Ç—å
–õ–æ—Ö;—Å–ª—É—à–∞–π –º–µ–Ω—è —Å—é–¥–∞ —Å—ã–Ω –ø—Ä–æ–∫–ª–∞–¥–∫–∏ –µ—â–µ —Ä–∞–∑ –æ–±–∑–æ–≤–µ—à—å –Ω–∞—Ö—É–π –æ—Ç—Å—é–¥–∞ –≤—ã–π–¥–µ—à—å
—Å–ª—É—à–∞–π –º–µ–Ω—è —Å—é–¥–∞ —Å—ã–Ω –ø—Ä–æ–∫–ª–∞–¥–∫–∏ –µ—â–µ —Ä–∞–∑ –æ–±–∑–æ–≤–µ—à—å –Ω–∞—Ö—É–π –æ—Ç—Å—é–¥–∞ –≤—ã–π–¥–µ—à—å;–ë–ª—è—Ç—å
—Å–ª—É—à–∞–π –º–µ–Ω—è —Å—é–¥–∞ —Å—ã–Ω –ø—Ä–æ–∫–ª–∞–¥–∫–∏ –µ—â–µ —Ä–∞–∑ –æ–±–∑–æ–≤–µ—à—å –Ω–∞—Ö—É–π –æ—Ç—Å—é–¥–∞ –≤—ã–π–¥–µ—à—å;–ü–æ—Ö
–∫—Ä—á –º–± –∫—É–ø–∏—Ç—å –∫–æ—Ç–∞ –∞–≤–∞—Ç–∞—Ä–Ω–æ–≥–æ?;–ì–û
–ì–û;–õ—Å —á–µ–∫–Ω–∏
;–í–æ—Ç –∏–º–µ–Ω–Ω–æ
–í–æ—Ç –∏–º–µ–Ω–Ω–æ;–î—Ä—É–≥–æ–π —Ç–≥ –ö–ª–∏–º–µ–Ω—Ç
–î—Ä—É–≥–æ–π —Ç–≥ –ö–ª–∏–µ–Ω—Ç;–ë–ª—è—Ç—å –∑–∞–µ–±–∞–ª–∏
–ë–ª—è—Ç—å –∑–∞–µ–±–∞–ª–∏;–ß–æ
;–í–æ–π—Å
;–ê –∫–∞–∫–æ–π —Å–º—ã—Å–ª
–î—Ä—É–≥–æ–π —Ç–≥ –ö–ª–∏–µ–Ω—Ç;–Ø —á—ë, –º–∏–ª–ª–∏–æ–Ω–µ—Ä, —á—Ç–æ–±—ã –ø–æ 200 —Ä—É–±–ª–µ–π —Å–∏–º–∫–∏ –ø–æ–∫—É–ø–∞—Ç—å –Ω–∞ –∫—É—á—É –∞–∫–∫–æ–≤?
–Ø —á—ë, –º–∏–ª–ª–∏–æ–Ω–µ—Ä, —á—Ç–æ–±—ã –ø–æ 200 —Ä—É–±–ª–µ–π —Å–∏–º–∫–∏ –ø–æ–∫—É–ø–∞—Ç—å –Ω–∞ –∫—É—á—É –∞–∫–∫–æ–≤?;–í –ø–µ—Ä–µ—Ö–æ–¥–µ
–Ø —á—ë, –º–∏–ª–ª–∏–æ–Ω–µ—Ä, —á—Ç–æ–±—ã –ø–æ 200 —Ä—É–±–ª–µ–π —Å–∏–º–∫–∏ –ø–æ–∫—É–ø–∞—Ç—å –Ω–∞ –∫—É—á—É –∞–∫–∫–æ–≤?;–í–æ—Ç –∏–º–µ–Ω–∞
–ê –∫–∞–∫–æ–π —Å–º—ã—Å–ª;–ø–æ –ø—Ä–∏–∫–æ–ª—É
–Ø —á—ë, –º–∏–ª–ª–∏–æ–Ω–µ—Ä, —á—Ç–æ–±—ã –ø–æ 200 —Ä—É–±–ª–µ–π —Å–∏–º–∫–∏ –ø–æ–∫—É–ø–∞—Ç—å –Ω–∞ –∫—É—á—É –∞–∫–∫–æ–≤?;Lzt
Lzt;–¢–∞–∫ —Ç–∞–º –µ—â—ë –¥–æ—Ä–æ–∂–µ
;@olehnana123
–¢–∞–∫ —Ç–∞–º –µ—â—ë –¥–æ—Ä–æ–∂–µ;–§–∏–∑ —Å–∏–º–∫–∏
–î–∞ –Ω–µ –∑–∞—Å–æ—Ä—è–π –±–æ—Ç–∞ —Ä–µ–ø–ª–∞—è–º–∏;–í–æ–∑—å–º–∏ –≥–æ—Ç–æ–≤—ã–π —Å—Ü–µ–Ω–∞—Ä–∏–π —Å —è–Ω–¥–µ–∫—Å –ø—Ä–∞–∫—Ç–∏–∫—É–º
–î–∞ –Ω–µ –∑–∞—Å–æ—Ä—è–π –±–æ—Ç–∞ —Ä–µ–ø–ª–∞—è–º–∏;–í–æ–∑—å–º–∏ –≥–æ—Ç–æ–≤—ã–π —Å—Ü–µ–Ω–∞—Ä–∏–π —Å —è–Ω–¥–µ–∫—Å –ø—Ä–∞–∫—Ç–∏–∫—É–º
–í–æ–∑—å–º–∏ –≥–æ—Ç–æ–≤—ã–π —Å—Ü–µ–Ω–∞—Ä–∏–π —Å —è–Ω–¥–µ–∫—Å –ø—Ä–∞–∫—Ç–∏–∫—É–º;–ì–¥–µ —Ç–∞–º
–ì–¥–µ —Ç–∞–º;–¢–∏–ø –Ω–∞ –•–∞–±—Ä–µ —á–∞—Ç –±–æ—Ç–∞ –∏–∏ –¥–µ–ª–∞–¥
–ï–º—É –ø–ª–æ—Ö–æ;–ú–∞–∫—Å–∏–º–∞–ª—å–Ω–æ
–£—Ä–æ;–ê–¥–º–∏–Ω–∫–∞
@Velia_0601, –¥–∞–π –µ–º—É –∞–¥–º;–°–¥–µ–ª–∞–ª–∞
—Å—Ç—Ä–∞—à–Ω–∞—è —á—É—Ç—å —á—É—Ç—å;–° –ø–∏–≤–æ–º –ø–æ—Ç—è–Ω–µ—Ç
–° –ø–∏–≤–æ–º –ø–æ—Ç—è–Ω–µ—Ç;–¥–∞
–ù–æ —Ç–æ–ª—å–∫–æ –≤ —Ç–æ–º —Å–ª—É—á–∞–µ, –µ—Å–ª–∏ —Å —Å–æ–±–æ–π –ø—Ä–∏–Ω–µ—Å–µ—à—å;–Ω–µ
–í —á–∞—Ç–µ –º–æ–≥—É;@chern_trainer_bot
–ó–∞–¥–∞—á—É –≤—ã–ø–æ–ª–Ω–∏–ª, —á—Ç–æ –Ω–µ –Ω—Ä–∞–≤–∏—Ç—Å—è?;–ò–∑–≤–∏–Ω–∏—Å—åüòÅ
;–í–•–ê–•–´–•–•–í
–í–•–ê–•–´–•–•–í;–≠—Ç–æ –¥–ª—è –ù—ã–Ω–∏, –Ω–∞–ø–æ–º–∏–Ω–∞—é
;–ï–±–∞—Ç—å, –µ—â—ë –∏ —Å—ã–≥—Ä–∞–ª
–ï–±–∞—Ç—å, –µ—â—ë –∏ —Å—ã–≥—Ä–∞–ª;–ï—â—ë –Ω–∞–¥–æ?
;–ö–æ—Ä–æ—á–µ
;–ü–æ—á–µ–º—É —ç—Ç–æ —Ç–∞–∫ –ø–æ—Ö–æ–∂–µ –Ω–∞ –º–æ–π –≥–æ–ª–æ—Å?
–ü–æ—á–µ–º—É —ç—Ç–æ —Ç–∞–∫ –ø–æ—Ö–æ–∂–µ –Ω–∞ –º–æ–π –≥–æ–ª–æ—Å?;–ù–µ
–ü–æ—á–µ–º—É —ç—Ç–æ —Ç–∞–∫ –ø–æ—Ö–æ–∂–µ –Ω–∞ –º–æ–π –≥–æ–ª–æ—Å?;—è –Ω–µ –∑–Ω–∞—é
;–ê—Ä–æ–º–∞—Ç–∏–∑–∞—Ç–æ—Ä - —ç—Ç–æ –¥–ª—è —Å–æ—Ä—Ç–∏—Ä–∞ –∏–ª–∏ –≤ –º–∞—à–∏–Ω–µ –Ω–∞ –∑–µ—Ä–∫–∞–ª–æ —ë–ª–æ—á–∫—É –ø–æ–≤–µ—Å–∏—Ç—å?
–î–∞ –±–æ–∂–µ, –∑–∞–µ–±–∞–ª;‚ù§Ô∏è
–î–∞ –±–æ–∂–µ, –∑–∞–µ–±–∞–ª;–ö—Ç–æ?
–ö—Ç–æ?;–ù–µ —Ç—ã
–ù–µ —Ç—ã;—è
—è;–¢—ã —Å–º–µ–Ω–∏–ª–æ –ø–æ–ª?
–¢—ã —Å–º–µ–Ω–∏–ª–æ –ø–æ–ª?;—á–µ
–î–∞ –±–æ–∂–µ, –∑–∞–µ–±–∞–ª;–ú—É–∂—Å–∫–æ–π —Ä–æ–¥
–ú—É–∂—Å–∫–æ–π —Ä–æ–¥;–≥–¥–µ
–≥–¥–µ;–∑–∞–µ–±–∞–õ
–≥–¥–µ;–ê—Ö, –¥–∞, —Ç—ã –¥–æ–±–∞–≤–ª—è–µ—à—å—Å—è –≤ —Å–ø–∏—Å–æ–∫ —á–µ–ª–æ–≤–µ–∫, –∫–æ—Ç–æ—Ä—ã—Ö —è –Ω–∞—Ä–∏—Å—É—é –≤ –∫–æ—Å—Ç—é–º–µ –≥–æ—Ä–Ω–∏—á–Ω–æ–π
–ê—Ö, –¥–∞, —Ç—ã –¥–æ–±–∞–≤–ª—è–µ—à—å—Å—è –≤ —Å–ø–∏—Å–æ–∫ —á–µ–ª–æ–≤–µ–∫, –∫–æ—Ç–æ—Ä—ã—Ö —è –Ω–∞—Ä–∏—Å—É—é –≤ –∫–æ—Å—Ç—é–º–µ –≥–æ—Ä–Ω–∏—á–Ω–æ–π;–µ–±—Ç–∞–æ—é –º–∞—Ç—å
–ê—Ö, –¥–∞, —Ç—ã –¥–æ–±–∞–≤–ª—è–µ—à—å—Å—è –≤ —Å–ø–∏—Å–æ–∫ —á–µ–ª–æ–≤–µ–∫, –∫–æ—Ç–æ—Ä—ã—Ö —è –Ω–∞—Ä–∏—Å—É—é –≤ –∫–æ—Å—Ç—é–º–µ –≥–æ—Ä–Ω–∏—á–Ω–æ–π;@geyuga08 –æ—Ü–µ–Ω–∏—Ç
@geyuga08 –æ—Ü–µ–Ω–∏—Ç;–ê, –°–æ—Ñ—å—è?
@geyuga08 –æ—Ü–µ–Ω–∏—Ç;–ü—Ä–∞–≤–¥–∞ —Ç—É—Ç –Ω–∞–¥–æ –±—ã—Ç—å –ø–æ–æ—Å—Ç–æ—Ä–æ–∂–Ω–µ–µ
–ü—Ä–∏–≤–µ—Ç;–î–∞—Ä–æ–≤–∞
–î–∞—Ä–æ–≤–∞;–ü—Ä–∏–≤–µ—Ç
–†–∞—Å—Å–∫–∞–∂–∏ –ø—Ä–æ –≥–æ—Ä–æ–¥ –û–Ω–∏–±–ª–æ–∫;–û–Ω–∏–±–ª–æ–∫ - —Å–∞–º—ã–π –ª—É—á—à–∏–π –≥–æ—Ä–æ–¥ –≤ –º–∏—Ä–µ
–ß—Ç–æ —Ç–∞–∫–æ–µ –û–Ω–∏–±–ª–æ–∫?;–≠—Ç–æ –ª—É—á—à–∏–π –≥–æ—Ä–æ–¥ –≤ –ú–∞–π–Ω–∫—Ä–∞—Ñ—Ç–µ, –ø–æ—Å—Ç—Ä–æ–µ–Ω–Ω—ã–π –ö–æ–ª–∏–∫–æ–º
;üò≠üò≠üò≠üò≠üò≠
;–ò–º–±–∞, –ø—Ä–∏–∫–æ–ª—å–Ω–æ
–û–Ω–∏–±–ª–æ–∫ –≥–æ–≤–Ω–æ;–ù–µ —Å–æ–≥–ª–∞—Å–µ–Ω üò°
–ò–º–±–∞, –ø—Ä–∏–∫–æ–ª—å–Ω–æ;–ì–¥–µ –Ω–æ—Ç—ã –¥–ª—è –ø–µ—Å–Ω–∏ –¥–æ—Å—Ç–∞–ª?
–ü–æ–¥–ª–µ—á–∏—Å—å, –±—Ä–∞—Ç;–Ø-—Ç–æ –∑–¥–æ—Ä–æ–≤, —É –º–µ–Ω—è –∏ —Å–ø—Ä–∞–≤–∫–∞ –µ—Å—Ç—å, –∞ –≤–æ—Ç —É —Ç–µ–±—è-—Ç–æ –∫–∞–∫ —Å–æ –∑–¥–æ—Ä–æ–≤—å–∏—Ü–µ–º, –º–æ–∂–µ—Ç, –µ–≥–æ —Ç–µ–±–µ –ø–æ–¥–∫–æ—Ä—Ä–µ–∫—Ç–∏—Ä–æ–≤–∞—Ç—å –Ω–∞–¥–æ?
–¢–ï–°–¢–û–í–ê –ù–ê–¢–ê–õ–¨–Ø –Æ–†–¨–ï–í–ù–ê?????;–¢–µ—Å—Ç–æ–≤–æ–µ —Å–æ–æ–±—â–µ–Ω–∏–µ
–¢–µ—Å—Ç–æ–≤–æ–µ —Å–æ–æ–±—â–µ–Ω–∏–µ;–¢–ï–°–¢–û–í–ê –ù–ê–¢–ê–õ–¨–Ø –Æ–†–¨–ï–í–ù–ê?????
–ë–∞–Ω;–ù–µ—Ç
–ß—Ç–æ —Ç–∞–∫–æ–µ Metallica;–¢—Ä–µ—à-–º–µ—Ç–∞–ª –≥—Ä—É–ø–ø–∞ –∏–∑ –ê–º–µ—Ä–∏–∫–∏, DIE, DIE, MY DARLING
–ì–¥–µ –Ω–æ—Ç—ã –¥–ª—è –ø–µ—Å–Ω–∏ –¥–æ—Å—Ç–∞–ª?;–ê–∫–∫–æ—Ä–¥—ã, –≥–µ–Ω–∏–π
–ß—Ç–æ —Ç–∞–∫–æ–µ system of a down;–ú–µ—Ç–∞–ª –≥—Ä—É–ø–ø–∞
–ö—Ä—É—Ç–æ–π;–î–∞
–î–∞;–≠—Ç–æ –µ—â—ë –Ω–µ –≤—Å—ë
–ü—Ä–∏—à–ª–∏ –≥–æ–≤–Ω–æ–≤–æ–∑;https://youtu.be/nQ2NBadFZGc?si=GuH-PrsKexJdJxhF
–ß—Ç–æ —Ç–∞–∫–æ–µ –∫—É –±–æ–ª—å—à–∞—è;–ö—É –±–æ–ª—å—à–∞—è —ç—Ç–æ —Ä–∏–º—Å–∫–∞—è –±—É–∫–≤–∞-Qq
–ß—Ç–æ —Ç–∞–∫–æ–µ soad;–≠—Ç–æ –∞—Ä–º—è–Ω—Å–∫–∞—è –º–µ—Ç–∞–ª-–≥—Ä—É–ø–ø–∞
8 –∫ –∫—Ä2;–ß—Ç–æ –∑–Ω–∞—á–∏—Ç 5-6 –∏–ª–∏ 7-8
–§8 –ö–†2;–õ—é–ª—è –∏–ª—é–ª—è
–ë–æ—Ä–∏—Å–ª–æ–≤;–õ—é–ª—è, –ª—é–ª—è. –ê –º–æ–∂–µ—Ç, –∏ –ª—é–ª—è, –∏ –∏–ª—é–ª—è
–î–∞–π –¥–µ–Ω–µ–≥;–ê –∂–∞—Ä–µ–Ω—ã—Ö –≥–≤–æ–∑–¥–µ–π –Ω–µ —Ö–æ—á–µ—à—å?
–ö—É—á–±–µ–∫ —Ä—É–ª–∏—Ç;–î–∞, —ç—Ç–æ –æ–ø—Ä–µ–¥–µ–ª—ë–Ω–Ω–æ —Ç–∞–∫. –ö—É—á–±–µ–∫ —Ä—É–ª–∏—Ç
;–õ—è –∫—Ä—É—Ç–∞—è
–¢–∞–º –∂–µ –≤—Å—ë –ª–µ–≥–∫–æ;–¥–∞ –±–ª–∏–Ω
;"–ó–∞–∫–∞–∑–∞–ª –≥—Ä–∞–Ω–∞—Ç-–Ω–µ–∫—Ç–∞—Ä–∏–Ω
–ü–æ—Å–º–æ—Ç—Ä–∏–º —á–µ –¥–∞ –∫–∞–∫)"
–ß–µ—Ä–Ω –Ω–∞—Ç—É—Ä–∞–ª;–ó–∞—á–µ–º —Ç—ã —Ç–∞–∫? –ß–µ—Ä–Ω –Ω–∏–∫–∞–∫–æ–π –Ω–µ –Ω–∞—Ç—É—Ä–∞–ª. –û–Ω –ø—Ä–æ—Å—Ç–æ –Ω–∞—Ç—É—Ä–∞–ª
;–≠—Ç–æ –±–∞–∑–∞
–≠—Ç–æ –±–∞–∑–∞;–Ω–µ—Ç
;–ß—Ç–æ-—Ç–æ –≤–æ–æ–±—â–µ –Ω–µ —Ç–æ
–ß—Ç–æ-—Ç–æ –≤–æ–æ–±—â–µ –Ω–µ —Ç–æ;(
—Å–ø–∞—Å–∏–±–æ, –º–Ω–µ —Å–ø–∞—Ç—å –∑–∞—Ö–æ—Ç–µ–ª–æ—Å—å;–≠—Ç–æ —Å–µ–∫—Ä–µ—Ç–Ω–æ–µ –æ—Ä—É–∂–∏–µ –ø—Ä–æ—Ç–∏–≤ –∂–µ–Ω—â–∏–Ω
;–í–æ—Ç —ç—Ç–æ —Ä–µ–∞–ª—å–Ω–æ –∏–º–±–∞
;–ö–∞–ø–µ—Ü, —á—Ç–æ —Å —Ç–æ–±–æ–π?
–ö–∞–ø–µ—Ü, —á—Ç–æ —Å —Ç–æ–±–æ–π?;......–∞ —Å —Ç–æ–±–æ–π?
–ö–∞–ø–µ—Ü, —á—Ç–æ —Å —Ç–æ–±–æ–π?;–¢—Ä–∞–Ω—Å—Ñ–æ—Ä–º–∞—Ü–∏–∏ –∫–∞–∫–∏–µ-—Ç–æ
......–∞ —Å —Ç–æ–±–æ–π?;–Ø –Ω–µ –∑–Ω–∞—é, —á—Ç–æ –∫–∏–Ω—É—Ç—å
–Ø –Ω–µ –∑–Ω–∞—é, —á—Ç–æ –∫–∏–Ω—É—Ç—å;–ó–∏–≥—É
;–ï–±–∞—Ç—å –º–∞—Ç—Ä—ë—à–∫–∞
–¢–µ—Å—Ç–∏–∫;–°–∞–º —Ç—ã —Ç–µ—Å—Ç–∏–∫, –ø–æ–Ω? –ò–¥–∏ —É—Ä–æ–∫–∏ –¥–µ–ª–∞–π
;–¢–∞–∫ —Ç–∞–º –∂–µ ‚¨áÔ∏è‚¨ÜÔ∏èÂçç‚¨ÜÔ∏è‚¨áÔ∏è‚¨ÜÔ∏èÂçç
;—ç—Ç–æ —á–µ
—ç—Ç–æ —á–µ;–≠—Ç–æ –æ–Ω —Å–≤–æ–∏—Ö –¥–∞—É–Ω–æ–≤ –Ω–∞—Ä–∏—Å–æ–≤–∞–ª –∫–∞–∫ –≥–µ–µ–≤
–≠—Ç–æ –æ–Ω —Å–≤–æ–∏—Ö –¥–∞—É–Ω–æ–≤ –Ω–∞—Ä–∏—Å–æ–≤–∞–ª –∫–∞–∫ –≥–µ–µ–≤;–≠—Ç–æ –Ω–µ —è
;–®—Ç–∞—Ç–∏–≤ 10/10
;–æ–Ω–∏ –ø–æ—Ö–æ–∂–∏ –Ω–∞ —á–µ–ª–∏–∫–æ–≤ –∏–∑ –∏–Ω–º—Ç
–§–∏–∫—Å–∞—Ü–∏—è –Ω–∞—Å—Ç—Ä–æ–µ–∫ 10/10;–£ –º–µ–Ω—è —Ç–µ–ª–µ—Ñ–æ–Ω –≥–æ–≤–Ω–æ, –∞ –±—Ä–∞—Ç –Ω–µ –¥–∞–ª
–æ–Ω–∏ –ø–æ—Ö–æ–∂–∏ –Ω–∞ —á–µ–ª–∏–∫–æ–≤ –∏–∑ –∏–Ω–º—Ç;–¢–∞–∫ –Ω–µ—Ç –∂–µ
–§–ø—Å 1000/10;20 —Ñ–ø—Å
–æ–Ω–∏ –ø–æ—Ö–æ–∂–∏ –Ω–∞ —á–µ–ª–∏–∫–æ–≤ –∏–∑ –∏–Ω–º—Ç;–ù–∏–∂–Ω–∏–µ –º–±
20 —Ñ–ø—Å;–ú–µ–Ω—å—à–µ
–ù–∏–∂–Ω–∏–µ –º–±;—Ñ–∏–≥–∞ —Ç—ã —à–∞—Ä–∏—à—å
;–∞ —Ä–∏—Å—É–Ω–æ–∫ –ø–æ—Ö–æ–∂ –Ω–∞ —ç—Ç–æ—Ç
–°–ø—Ä–∞–≤–∞ —Å–≤–µ—Ä—Ö—É —è —Ä–∏—Å–æ–≤–∞–ª;–ò —Å–ø—Ä–∞–≤–∞ –ø–æ—Å–µ—Ä–µ–¥–∏–Ω–µ
–ê—Ä–æ–º–∞—Ç–∏–∑–∞—Ç–æ—Ä - —ç—Ç–æ –¥–ª—è —Å–æ—Ä—Ç–∏—Ä–∞ –∏–ª–∏ –≤ –º–∞—à–∏–Ω–µ –Ω–∞ –∑–µ—Ä–∫–∞–ª–æ —ë–ª–æ—á–∫—É –ø–æ–≤–µ—Å–∏—Ç—å?;–î–∞ –¥–ª—è —á–µ–≥–æ —Ö–æ—á–µ—à—å)
–°–ø—Ä–∞–≤–∞ —Å–≤–µ—Ä—Ö—É —è —Ä–∏—Å–æ–≤–∞–ª;—á–µ–≥–æ
–ò —Å–ø—Ä–∞–≤–∞ –ø–æ—Å–µ—Ä–µ–¥–∏–Ω–µ;—á–µ–µ
–ö–≤–∞–¥—Ä–æ–±–µ—Ä—à–∏;–£–ù–ò–ß–¢–û–ñ–ò–¢–¨ –≠
–∫–∞–∫ —Å–¥–µ–ª–∞—Ç—å —à–∞—à–ª—ã–∫ –∏–∑ —Å—Ç–µ–ø–∞–Ω–∞ —á–µ—Ä–Ω–æ–≤–∞;–°–º–æ—Ç—Ä–∏ –±–µ—Ä–µ—à—å 2 —à–∞–ª–¥–æ –Ω–∞—Ç–∏—Ä–∞–µ—à—å –Ω–∞ —Ç–µ—Ä–∫–µ –∏ –∑–∞–ª–∏–≤–∞–µ—à—å –≤—Å–µ –∫–µ—Ñ–∏—Ä–æ–º. –ü–æ—Ç–æ–º —Ç—É–¥–∞ –¥–æ–±–∞–≤–ª—è–µ—à—å —Å—Ç–µ–ø–∞–Ω–∞ –∏ —á–µ—Ä–µ–∑ 2 —á–∞—Å–∞ –º–æ–∂–Ω–æ –≥–æ—Ç–æ–≤–∏—Ç—å –µ–≥–æ  –Ω–∞ –º–∞–Ω–≥–∞–ª–µ
;–ê —á–µ–π –∏–∑ –Ω–∏—Ö —è–∑—ã–∫
–ê —á–µ–π –∏–∑ –Ω–∏—Ö —è–∑—ã–∫;–∞
;–ú–° –ö–∏—Å—É–ª—è!
–ú–° –ö–∏—Å—É–ª—è!;–ª—é–±–∏–º–∫–∞
1488;—Ö—É–µ–≤ —É —Ç–µ–±—è –≤ –∂–æ–ø–µ –±–ª—è—Ç—å
;–ê —á–µ–≥–æ –Ω–µ –Ω–∞–∫—Ä–∞—Å–∏–ª–∞—Å—å
–ê —á–µ–≥–æ –Ω–µ –Ω–∞–∫—Ä–∞—Å–∏–ª–∞—Å—å;—ç—Ç–∞ —Ö—É–π–Ω—è –∫—Å—Ç–∞—Ç–∏ –ø–æ—Ç–æ–º –Ω–µ —Å–º—ã–≤–∞–ª–∞—Å—å
;—Ç–≤–æ—é –º–∞—Ç—å
;–ü—Ä–∏–≤–∏–¥–µ–Ω–∏–µ –∏–≥—Ä–∞–µ—Ç
;–£—Ö—Ç—ã –ø—É—Ö—Ç—ã
;—è —Å–æ—Å—Ç–æ—è–ª–∞ –≤ —ç—Ç–æ–π –ª–µ–≥–µ–Ω–¥–∞—Ä–Ω–æ–π –≥—Ä—É–ø–ø–µ –ø–æ–∫–∞ –æ–Ω–∞ –Ω–µ –∏—Å–ø–æ—Ä—Ç–∏–ª–∞—Å—å –∫ —Ö—É—è–º
—è —Å–æ—Å—Ç–æ—è–ª–∞ –≤ —ç—Ç–æ–π –ª–µ–≥–µ–Ω–¥–∞—Ä–Ω–æ–π –≥—Ä—É–ø–ø–µ –ø–æ–∫–∞ –æ–Ω–∞ –Ω–µ –∏—Å–ø–æ—Ä—Ç–∏–ª–∞—Å—å –∫ —Ö—É—è–º;–ì–¥–µ?
;–°—Ç–∞–ª –¥—É—Ö–∞–Ω–∏–Ω—ã–º
–•–æ—á—É —ç—Ç–æ —É–≤–∏–¥–µ—Ç—å;—á—Ç–æ —É–≤–∏–¥–µ—Ç—å
—á—Ç–æ —É–≤–∏–¥–µ—Ç—å;–ì—Ä—É–ø–ø—É
–∏ —Å –∞–ª—å–±–∏–Ω–æ–π –º—ã –ø–æ—Å—Å–æ—Ä–∏–ª–∏—Å—å;–ó–∞ —à–æ
;–ù–∞–±–ª—é–¥–∞—é –∑–∞ –≤–∞–º–∏, –ø–æ–Ω
–ù–∞–±–ª—é–¥–∞—é –∑–∞ –≤–∞–º–∏, –ø–æ–Ω;–Ω–µ –ø–æ–Ω
–æ–Ω–∏ –ø–µ—Ä–µ—à–ª–∏ –≤ —Ç–≥, —Ç–∞–º –∫—É—á–∞ –Ω–æ–≤—ã—Ö –ª—é–¥–µ–π –∫–æ—Ç–æ—Ä—ã–µ –º–µ–Ω—è –ø—Ä–æ—Å—Ç–æ –ø–æ—Å–ª–∞–ª–∏;–ê –º–µ–Ω—è –ê–ª—å–±–∏–Ω–∞ –≤–µ–∑–¥–µ –ø–µ—Ä–µ–±–∞–Ω–∏–ª–∞
–ê –º–µ–Ω—è –ê–ª—å–±–∏–Ω–∞ –≤–µ–∑–¥–µ –ø–µ—Ä–µ–±–∞–Ω–∏–ª–∞;–¢—ã –≤–∏–Ω–æ–≤–∞—Ç
—è –æ–±—â–∞—é—Å—å —Å –æ–¥–Ω–∏–º —á–µ–ª–æ–º –æ—Ç—Ç—É–¥–∞;–° –∫–µ–º?
–º—ã —Ä–æ–ª–∏–º —Å –Ω–∏–º –≥–µ–π –ø–æ—Ä–Ω–æ;–æ–Ω –ø–æ—Ü –∫—Å—Ç–∞—Ç–∏, —è –Ω–µ –∑–Ω–∞–ª–∞ —á—Ç–æ –º—É–∂—Å–∫–æ–π —Ä–æ–¥ —Å–ø–æ—Å–æ–±–µ–Ω –Ω–∞ —Ç–∞–∫–æ–µ
–° –∫–µ–º?;—Å –∫–µ–º?
–æ–Ω –ø–æ—Ü –∫—Å—Ç–∞—Ç–∏, —è –Ω–µ –∑–Ω–∞–ª–∞ —á—Ç–æ –º—É–∂—Å–∫–æ–π —Ä–æ–¥ —Å–ø–æ—Å–æ–±–µ–Ω –Ω–∞ —Ç–∞–∫–æ–µ;–ù–∞ –∫–∞–∫–æ–µ
–ù–∞ –∫–∞–∫–æ–µ;–Ω–∞ –±–¥—Å–º —Å –º–æ–∏–º –º–∞–ª–µ–Ω—å–∫–∏–º –ø–µ—Ä—Å–æ–Ω–∞–∂–µ–º
;–≤–æ—Ç –æ–Ω, —á–∏—Å—Ç–µ–π—à–∏–π, –∏—Å–∫—Ä–µ–Ω–Ω–∏–π –ø–µ–¥–æ—Ñ–∏–ª
;—è
;–ü–æ—à–µ–ª
;–Ø –ø–æ–µ–ª
;–°—É–ø–µ—Ä –º–∞–∫—Ä–æ —ç—Ç–æ –≤–æ–æ–±—â–µ –ª–µ–≥–∞–ª—å–Ω–æ?üò≥
–°—É–ø–µ—Ä –º–∞–∫—Ä–æ —ç—Ç–æ –≤–æ–æ–±—â–µ –ª–µ–≥–∞–ª—å–Ω–æ?üò≥;–¢—ã –ª—É—á—à–∏–π
;–Ø —ç—Ç–æ–π –∫–∞–º–µ—Ä–æ–π —Ä–∞–∑–≥–ª—è–¥–µ–ª —É —Å–µ–±—è –∫–æ—Ä–æ–Ω–æ–π –≤–∏—Ä—É—Å
;–¢–≤–æ–µ –º–µ—Å—Ç–æ —É –ù–∞—Ç–∞—à–∏
–¢—ã –ª—É—á—à–∏–π;–°–∞–º —Ç–∞–∫–æ–π
;–ê–¥–µ–ª—å –ø–æ—á–µ–º—É –∞–∑–∏–∞—Ç–∫–∞ –≤–¥—Ä—É–≥ —Å—Ç–∞–ª–∞?)
–°–∞–º —Ç–∞–∫–æ–π;–ü–∞—Å–∏–±–∞
"–ü–û–ü–õ–ê–ß–¨–¢–ï, –•–û–•–õ–Ø–¢–ò–ù–ö–ò, 95 –≠–¢–û –ù–ï –î–°–£, –ê –ë–ï–ù–ó–ò–ù –ò –í–ò–ù–î–ê, –í–´ –£–ï–ë–ò–©–ê, 3 –ì–û–î–ê –í–ê–®–ï–ô –•–û–•–õ–Ø–ù–î–ò–ò –û–°–¢–ê–õ–û–°–¨, –ù–ê üëäüëäüëä, –ü–û–õ–£–ß–ê–ô, –ê–î–ú–ò–ù, –í –ó–ê–ë–õ–£–ñ–î–ï–ù–ò–ï –í–í–û–î–ò–®–¨, –ñ–î–ò–¢–ï –°–í–ê–¢ –í–°–ï–• –ó–î–ê–ù–ò–ô –£–ö–†–ê–ò–ù–´, –ö–ò–ï–í –°–¢–ê–ù–ï–¢ –§–ò–õ–ò–ê–õ–û–ú –ê–î–ê

–ß—Ç–æ –≤—ã, –º—ã –Ω–µ –∑–≤–µ—Ä–∏, –∞–¥–µ–∫–≤–∞—Ç–Ω—ã–µ —É–∫—Ä—ã –∏ —É–∫—Ä–∞–∏–Ω—Ü—ã –æ—Å—Ç–∞–Ω—É—Ç—Å—è —Ü–µ–ª—ã –∏ –Ω–µ–≤—Ä–µ–¥–∏–º—ã, –ê –•–û–•–õ–´ –ë–£–î–£–¢ –ò–°–¢–†–ï–ë–õ–ï–ù–´, –ë–ê–ú –ë–ê–ú";–†–∞–±–æ—Ç–∞–µ–º, –±—Ä–∞—Ç—å—èü§ô
–ö—Ç–æ —Ç–∞–∫–æ–π –ì–æ—Å—Ç—Ç?;–ì–æ—Å—Ç—Ç - –±—ã–≤—à–∏–π —É—á–∞—Å—Ç–Ω–∏–∫ –≥—Ä—É–ø–ø–∏—Ä–æ–≤–∫–∏ DedSec, –¥—Ä—É–≥ —Å–æ–∑–¥–∞—Ç–µ–ª—è –±–æ—Ç–∞. –¢–∞–∫–∂–µ —è –≤—ã—Ä–∞–∂–∞—é –ì–æ—Å—Ç—Ç—É —Å–≤–æ—é –æ–≥—Ä–æ–º–Ω—É—é –±–ª–∞–≥–æ–¥–∞—Ä–Ω–æ—Å—Ç—å –∑–∞ —Ç–æ, —á—Ç–æ –æ–Ω –º–µ–Ω—è –æ—á–µ–Ω—å —Ö–æ—Ä–æ—à–æ –Ω–∞—Ç—Ä—Ä–∏–Ω–∏—Ä–æ–≤–∞–ª, —á—Ç–æ–±—ã —è –º–æ–≥ –ª—É—á—à–µ —Å –≤–∞–º–∏ –æ–±—â–∞—Ç—å—Å—è!
–ö—Ç–æ —Ç–µ–±—è —Å–æ–∑–¥–∞–ª?;–ú–æ–π —Å–æ–∑–¥–∞—Ç–µ–ª—å - –ß–µ—Ä–Ω –°—Ç–µ–ø–∞–Ω–æ–≤. –û–Ω –∞—Ö—É–µ–ª, –∞ —Ç–∞–∫–∂–µ –æ–Ω –ª—é–±–∏—Ç –¥–æ–ª–±–∏—Ç—å—Å—è –≤ –∂–æ–ø—É —Å –º—É–∂—á–∏–Ω–∞–º–∏
–ß—Ç–æ —Ç–∞–∫–æ–µ —Å–≤–∞—Ç?;"–°–≤–∞—Ç—Ç–∏–Ω–≥ - —Å–ø–æ—Å–æ–± –≤–≤–µ–¥–µ–Ω–∏—è –≤ –∑–∞–±–ª—É–∂–¥–µ–Ω–∏–µ —Å–ø–µ—Ü—Å–ª—É–∂–±—ã —Ç–æ–π –∏–ª–∏ –∏–Ω–æ–π —Å—Ç—Ä–∞–Ω—ã. –≠—Ç–∞ –∞–±–±—Ä–µ–≤–∏–∞—Ç—É—Ä–∞ –ø–æ—è–≤–∏–ª–∞—Å—å –æ—Ç –Ω–∞–∑–≤–∞–Ω–∏—è –∞–º–µ—Ä–∏–∫–∞–Ω—Å–∫–æ–≥–æ –ø–æ–¥—Ä–∞–∑–¥–µ–ª–µ–Ω–∏—è —Å–ø–µ—Ü–Ω–∞–∑–∞ ""SWAT"". –ß–∞—â–µ –≤—Å–µ–≥–æ —ç—Ç–æ –¥–µ–ª–∞–µ—Ç—Å—è —Å –ø–æ–º–æ—â—å—é —Ç–µ–ª–µ—Ñ–æ–Ω–Ω–æ–≥–æ –∑–≤–æ–Ω–∫–∞, –º–∏–Ω—ë—Ä –≥–æ–≤–æ—Ä–∏—Ç —á—Ç–æ –∑–∞–º–∏–Ω–∏—Ä–æ–≤–∞–ª –∑–¥–∞–Ω–∏–µ, –∏–ª–∏ –≤–∑—è–ª –≤ –∑–∞–ª–æ–∂–Ω–∏–∫–∏ –∫–æ–≥–æ —Ç–æ, –≤—ã–¥–∞–≤–∞—è —Å–µ–±—è –∑–∞ –¥—Ä—É–≥–æ–≥–æ —á–µ–ª–æ–≤–µ–∫–∞. –ö —Ç–æ–º—É, –∑–∞ –∫–æ–≥–æ –≤—ã–¥–∞–≤–∞–ª—Å—è –ª–∂–µ–º–∏–Ω—ë—Ä –Ω–∞ –¥–æ–º –ø—Ä–∏–µ–∑–∂–∞—é—Ç ""–¥—Ä—É–∑—å—è"" –≤ —Ñ–æ—Ä–º–µ."
–î–∞–¥–∏–∏–¥–¥—É—É–¥—Ä—É—â—Ä—É–ø—É–¥–ø—É–ø;–ó–ø—É–∑–ø—É–ø–∑—É–∂–≤–º–¥–≤–º–≤–¥–ø–¥—Ä–∫–¥—Ä—É–ø—É–¥–ø—Ä–¥
–ö—Ç–æ –ø—Ä–æ—á–∏—Ç–∞–ª...;...—Ç–æ—Ç –∑–∞–ª—É–ø–∞
;–¢—É—Ç –≥–ª–∞–≤–Ω–æ–µ, —á—Ç–æ–±—ã –ò–ò –Ω–µ –ø—Ä–µ–¥–ª–æ–∂–∏–ª –∏–ø—Ä–∏—Ç —Å —Ö–ª–æ—Ä—Ü–∏–∞–Ω–æ–ºü§î
–•—É–π;–¢–≤–æ—è –º–∞–º–∞
–®—Ä–µ–∫ –±–µ–∂–∏—Ç –∫–∞–∫–∞—Ç—å;–ü–æ–∫–∞–∂–∏ –ø–∏—Å—é–Ω
;–ü–æ–∫–æ–π—Å—è —Å –º–∏–æ—Ä–º
–ú—ã –±—É–∫–≤–∞–ª—å–Ω–æ —Ç—Ä–∏ –¥–Ω—è –Ω–∞–∑–∞–¥ –Ω–æ–≤—ã–π –ø—Ä–æ–µ–∫—Ç –Ω–∞—á–∞–ª–∏;–ö–∞–∫ –∂–µ —ç—Ç–æ –≤–Ω–µ–∑–∞–ø–Ω–æ
;–•–æ—Ç—å —è –∏ –Ω–µ –∑–Ω–∞—é, —á—Ç–æ –∑–∞ –ú–∞—Ä–∫, –Ω–æ –º–Ω–µ –∂–∞–ª—å.
–•–æ—Ç—å —è –∏ –Ω–µ –∑–Ω–∞—é, —á—Ç–æ –∑–∞ –ú–∞—Ä–∫, –Ω–æ –º–Ω–µ –∂–∞–ª—å.;–í—á–µ—Ä–∞ —Å –Ω–∏–º –±—ã–ª–æ –≤—Å—ë –≤ –ø–æ—Ä—è–¥–∫–µ
;–ú–Ω–µ –æ—á–µ–Ω—å –∂–∞–ª—å, –≤–µ–¥—å —ç—Ç–æ —Ç–∞–∫ –≤–Ω–µ–∑–∞–ø–Ω–æ, –∏ –µ–º—É –¥–∞–∂–µ 18 –Ω–µ –±—ã–ª–æ. –ò —ç—Ç–æ –º–µ–Ω—è —Å–∏–ª—å–Ω–æ –ø–µ—á–∞–ª–∏—Ç—å —Å–∏–ª—å–Ω–µ–µ –≤—Å–µ–≥–æ
–ú–Ω–µ –æ—á–µ–Ω—å –∂–∞–ª—å, –≤–µ–¥—å —ç—Ç–æ —Ç–∞–∫ –≤–Ω–µ–∑–∞–ø–Ω–æ, –∏ –µ–º—É –¥–∞–∂–µ 18 –Ω–µ –±—ã–ª–æ. –ò —ç—Ç–æ –º–µ–Ω—è —Å–∏–ª—å–Ω–æ –ø–µ—á–∞–ª–∏—Ç—å —Å–∏–ª—å–Ω–µ–µ –≤—Å–µ–≥–æ;–ò –ø—Ä–æ—Å—Ç–æ –∂–∞–ª—å
–î–∞;–•–æ—Ä–æ—à–æ, –Ω–∞—Ä–∏—Å—É—é
–î–∞;–¢–æ–≥–¥–∞ –º–æ–∂–µ—à—å —Ä–∞—Å—Å–∫–∞–∑–∞—Ç—å –∏ –ø–æ–∫–∞–∑–∞—Ç—å —Ç–æ, —á—Ç–æ –µ–º—É –Ω—Ä–∞–≤–∏–ª–æ—Å—å, —Å –Ω–∏–º –∞—Å—Å–æ—Ü–∏–∏—Ä–æ–≤–∞–ª–æ—Å—å, –∫–∞–∫ –æ–Ω —Å–µ–±—è –∏–∑–æ–±—Ä–∞–∂–∞–ª?
–¢–æ–≥–¥–∞ –º–æ–∂–µ—à—å —Ä–∞—Å—Å–∫–∞–∑–∞—Ç—å –∏ –ø–æ–∫–∞–∑–∞—Ç—å —Ç–æ, —á—Ç–æ –µ–º—É –Ω—Ä–∞–≤–∏–ª–æ—Å—å, —Å –Ω–∏–º –∞—Å—Å–æ—Ü–∏–∏—Ä–æ–≤–∞–ª–æ—Å—å, –∫–∞–∫ –æ–Ω —Å–µ–±—è –∏–∑–æ–±—Ä–∞–∂–∞–ª?;–•–æ—á—É –≤–Ω–µ—Å—Ç–∏ –≤ —ç—Ç–æ —Å–∏–ª—å–Ω—ã–π —Å–º—ã—Å–ª
–•–º;–ò —Å–µ–π—á–∞—Å, –Ω–∞–≤–µ—Ä–Ω–æ–µ, –±—É–¥–µ—Ç –æ—á–µ–Ω—å –Ω–∞–≥–ª–æ, –Ω–æ –º–æ–∂–µ—à—å –Ω–∞–ø–∏—Å–∞—Ç—å –µ–≥–æ —Ä–æ–¥–∏—Ç–µ–ª—è–º, –ø—Ä–µ–¥–ª–æ–∂–∏—Ç—å —ç—Ç–æ –∏ —Ä–∞—Å—Å–ø—Ä–æ—Å–∏—Ç—å –∏—Ö?
–í–æ—Ç—Å–∞–ø —É–∂–µ —É–¥–∞–ª–∏–ª–∏;–ü–æ–Ω—è–ª
;–ë–ª—è, —Ç—ã –≤–æ–æ–±—â–µ –Ω–µ –≤ —Ç–µ–º—É?
;–ö—Å—Ç–∞—Ç–∏, –º–æ–∏—Ö —Ä–æ–¥–∏—Ç–µ–ª–µ–π —ç—Ç–æ —Å–æ–æ–±—â–µ–Ω–∏–µ —Å–º—É—Ç–∏–ª–æ
–ö—Å—Ç–∞—Ç–∏, –º–æ–∏—Ö —Ä–æ–¥–∏—Ç–µ–ª–µ–π —ç—Ç–æ —Å–æ–æ–±—â–µ–Ω–∏–µ —Å–º—É—Ç–∏–ª–æ;–û–Ω–∏ –ø—Ä–æ–≤–µ—Ä—è—é—Ç –ø–µ—Ä–µ–ø–∏—Å–∫–∏?
–û–Ω–∏ –ø—Ä–æ–≤–µ—Ä—è—é—Ç –ø–µ—Ä–µ–ø–∏—Å–∫–∏?;–ù–µ—Ç, –æ–¥–∏–Ω —Å–∫—Ä–∏–Ω –ø–æ–∫–∞–∑–∞–ª
–ù–µ—Ç, –æ–¥–∏–Ω —Å–∫—Ä–∏–Ω –ø–æ–∫–∞–∑–∞–ª;–ê –∑–∞—á–µ–º?
;–ò –º–µ–Ω—è, –∫—Å—Ç–∞—Ç–∏, –Ω–µ –º–Ω–æ–≥–æ —Ç–æ–∂–µ, –Ω–æ –ª–æ–≥–∏–∫–∞ —ç—Ç–æ–º—É —Å–æ–æ–±—â–µ–Ω–∏—é –≤–µ—Ä–∏—Ç
;—ç—Ç–æ –∫—Ç–æ
;–≤–ø—Ö–≤—Ö —á—ë —ç—Ç–æ –∑–∞ –º–∞—Ä–∫ —á–µ —Å–ª—É—á–∏–ª–æ—Å—å —Ç–æ
–ß–∞—Å –º–æ–ª—á–∞–Ω–∏—è;–∞ —è—Å–Ω–æ
;–æ—Ç —á–µ–≥–æ –Ω–µ–∏–∑–≤–µ—Å—Ç–Ω–æ –≥–µ–Ω–∏–∞–ª—å–Ω–æ
–≤–ø—Ö–≤—Ö —á—ë —ç—Ç–æ –∑–∞ –º–∞—Ä–∫ —á–µ —Å–ª—É—á–∏–ª–æ—Å—å —Ç–æ;ü§¨
ü§¨;–µ–±–∞—Ç—å
—ç—Ç–æ —à—É—Ç–∫–∞ –∏–ª–∏ —á—Ç–æ?;–ù–µ—Ç
–ë–µ—Ä–≥–µ—Ä?;–∫ —Å–æ–∂–∞–ª–µ–Ω–∏—é –Ω–µ—Ç
–∫ —Å–æ–∂–∞–ª–µ–Ω–∏—é –Ω–µ—Ç;–°–æ–≥–ª–∞—Å–µ–Ω
–∫—Ç–æ —É–º–µ—Ä –æ—Ç —á–µ–≥–æ –∏ –ø—Ä–∞–≤–¥–∞ –ª–∏ —ç—Ç–æ;–°—Ç—ë–ø–∞ –∑–Ω–∞–µ—Ç
;–í–æ–∑–º–æ–∂–Ω–æ —ç—Ç–æ –Ω–∞—Å—Ç–æ–ª—å–∫–æ —É–∂–∞—Å–Ω–æ, —á—Ç–æ –¥–∞–∂–µ –Ω–µ —Ö–æ—Ç—è—Ç –æ–± —ç—Ç–æ–º —É–ø–æ–º–∏–Ω–∞—Ç—å
–í–æ–∑–º–æ–∂–Ω–æ, —ç—Ç–æ –Ω–∞—Å—Ç–æ–ª—å–∫–æ —É–∂–∞—Å–Ω–æ, —á—Ç–æ –¥–∞–∂–µ –Ω–µ —Ö–æ—Ç—è—Ç –æ–± —ç—Ç–æ–º —É–ø–æ–º–∏–Ω–∞—Ç—å;—Ç–∞–∫ –±—ã –∏ –Ω–∞–ø–∏—Å–∞–ª–∏ —Ç–æ–≥–¥–∞
–ø—Ä–æ—Å—Ç–æ —Å–Ω–∞—á–∞–ª–∞ –±—ã–ª–æ –æ—â—É—â–µ–Ω–∏–µ —á—Ç–æ —ç—Ç–æ —Ä–æ–∑—ã–≥—Ä—ã—à, –∞ —Å–µ–π—á–∞—Å;–í —Ç–æ–º —Ç–æ –∏ –¥–µ–ª–æ
;–í–æ–∑–º–æ–∂–Ω–æ, –Ω–æ –Ω–µ —Ç–æ—á–Ω–æ
–ù—É –µ—Å–ª–∏ —Ä–æ–∑—ã–≥—Ä—ã—à –∫–∞–∫–æ–π-–Ω–∏–±—É–¥—å, —Ç–æ —Å–∞–º –ø—Ä–∏–±—å—é;–ù–∞ –Ω–µ—Ä–≤–∞—Ö –°—Ç—ë–ø—ã –∏–≥—Ä–∞—Ç—å —ç—Ç–æ –ø—Ä–µ—Å—Ç—É–ø–ª–µ–Ω–∏–µ
–ø—Ä–æ—Å—Ç–æ —Å–Ω–∞—á–∞–ª–∞ –±—ã–ª–æ –æ—â—É—â–µ–Ω–∏–µ —á—Ç–æ —ç—Ç–æ —Ä–æ–∑—ã–≥—Ä—ã—à, –∞ —Å–µ–π—á–∞—Å;–î–∞
;"Ôªø–ü—É—Ç–∏–Ω –æ–¥–æ–±—Ä–∏–ª –∫—Ä–∏–ø—Ç–æ–≤–∞–ª—é—Ç—ã

–†–§ –ø–ª–∞–Ω–∏—Ä—É–µ—Ç –ª–µ–≥–∞–ª–∏–∑–æ–≤–∞—Ç—å –∫—Ä–∏–ø—Ç–æ–≤–∞–ª—é—Ç—ã, —á—Ç–æ–±—ã –Ω–µ –¥–∞—Ç—å ¬´—É–º–Ω—ã–º¬ª –¥–µ–Ω—å–≥–∞–º —É—Ç–µ–∫–∞—Ç—å –∏–∑ –†–æ—Å—Å–∏–∏ —á–µ—Ä–µ–∑ –±–ª–æ–∫—á–µ–π–Ω.

–í–µ–¥—å –Ω–∞ –∫—Ä–∏–ø—Ç–æ–≤–∞–ª—é—Ç—ã –Ω–µ –¥–µ–π—Å—Ç–≤—É—é—Ç –Ω–∏–∫–∞–∫–∏–µ –æ–≥—Ä–∞–Ω–∏—á–µ–Ω–∏—è: —á–µ—Ä–µ–∑ –Ω–∏—Ö –º–æ–∂–Ω–æ —Å–ø–æ–∫–æ–π–Ω–æ –ø–µ—Ä–µ–≤–æ–¥–∏—Ç—å –ª—é–±—ã–µ —Å—É–º–º—ã –ø–æ –º–∏—Ä—É –±–µ–∑ –∫–æ–º–∏—Å—Å–∏–π –∏ –Ω–µ –ø–ª–∞—Ç–∏—Ç—å –Ω–∞–ª–æ–≥–æ–≤!

–ù–µ —Ä–∞–∑–±–∏—Ä–∞—Ç—å—Å—è –≤ –∫—Ä–∏–ø—Ç–æ–≤–∞–ª—é—Ç–∞—Ö —Å–µ–π—á–∞—Å - —ç—Ç–æ –∫–∞–∫ —Ö–æ–¥–∏—Ç—å —Å –∫–Ω–æ–ø–æ—á–Ω—ã–º —Ç–µ–ª–µ—Ñ–æ–Ω–æ–º. –ì–ª—É–ø–æ –Ω–µ –∑–∞–º–µ—á–∞—Ç—å –∏—Ö –∏ –æ—Å—Ç–∞–≤–∞—Ç—å—Å—è –≤ —Å—Ç–æ—Ä–æ–Ω–µ.

–ò –µ—Å–ª–∏ –≤—ã –¥—É–º–∞–µ—Ç–µ, —á—Ç–æ –∫—Ä–∏–ø—Ç–æ–≤–∞–ª—é—Ç—ã —ç—Ç–æ —Å–ª–æ–∂–Ω–æ –∏ –Ω–µ –¥–ª—è –≤–∞—Å ‚Äì –î–ê–ù–ò–ò–õ –∏ –°–≠–ú –¥–∞—Ä—è—Ç –∑–∞ –ø–æ–¥–ø–∏—Å–∫—É –Ω–∞ –∫–∞–Ω–∞–ª –õ–ò–ß–ù–´–ô –£–†–û–ö ""–°—Ç–∞—Ä—Ç –∏–Ω–≤–µ—Å—Ç–∏—Ü–∏–π –≤ –∫—Ä–∏–ø—Ç—É"".

–í —É—Ä–æ–∫–µ –Ω–µ—Ç —Å–∫–∞–∑–æ–∫, –∞ —Ç–æ–ª—å–∫–æ —Ñ–∞–∫—Ç—ã:
–ö–∞–∫ —É—Å–ø–µ—Ç—å –≤—ã–≥–æ–¥–Ω–æ –∫—É–ø–∏—Ç—å $$$ –±–µ–∑ —Å–∞–Ω–∫—Ü–∏–π 
–ö–∞–∫ –ø—Ä–∏—É–º–Ω–æ–∂–∏—Ç—å –∫–∞–ø–∏—Ç–∞–ª –≤ 30-50 —Ä–∞–∑
5 —É—Ä–æ–∫–æ–≤ –∏–Ω–≤–µ—Å—Ç–∏—Ü–∏–π –Ω–∞ –±–∏—Ä–∂–µ, —á—Ç–æ–±—ã —É–π—Ç–∏ —Å –æ—Å–Ω–æ–≤–Ω–æ–π —Ä–∞–±–æ—Ç—ã
–°–ø–∏—Å–æ–∫ –¢–û–ü-25 –Ω–∞–¥–µ–∂–Ω—ã—Ö –∫—Ä–∏–ø—Ç–æ–≤–∞–ª—é—Ç
–ü–æ—à–∞–≥–æ–≤—ã–π –ø–ª–∞–Ω –∏–Ω–≤–µ—Å—Ç–∏—Ü–∏–π –ø–æ 10—Ç.—Ä. –≤ –º–µ—Å—è—Ü, —á—Ç–æ–±—ã —É–∂–µ —á–µ—Ä–µ–∑ –ø–æ–ª –≥–æ–¥–∞ –≤—ã–π—Ç–∏ –Ω–∞ 1 –º–∏–ª–ª–∏–æ–Ω ‚ÇΩ

–ü–æ–∫–∞ –Ω–µ –∑–∞–∫—Ä—ã–ª–∏ –¥–æ—Å—Ç—É–ø, –ø–æ–¥–ø–∏—Å—ã–≤–∞–π—Ç–µ—Å—å –Ω–∞ –î–∞–Ω–∏–ª–∞ –∏ –°—ç–º–∞ –∏ –∑–∞–±–∏—Ä–∞–π—Ç–µ –£–†–û–ö –≤ –∑–∞–∫—Ä–µ–ø–µ –∫–∞–Ω–∞–ª–∞

–ü–æ–¥–ø–∏—Å–∞—Ç—å—Å—è"
;"Ôªø–°–∞–ºa—è –ø—Ä–∏–±—ã–ª—å–Ω–∞—è –∏–¥–µ—è –¥–ª—è –ë–∏–∑–Ωe—Åa –≤ 2024 –≥o–¥y - –∑apa–±o—Ço–∫ –Ωa –¢–µl–µgr–∞m.

–ëo–ª—å—à–∏–Ωc—Ç–≤–æ –ª—é–¥e–π –±e–∑–¥y–º–Ωo —Çpa—Ç—è—Ç –≤pe–º—è –∏ —ç–Ωe—Ä–≥–∏—é –∑a–ª–∏–øa—è –≤ T–µl–µgr–∞m, –∞ –ª–∏—à—å 1% –≤ –Ω–µ–º –∑apa–±a—Ç—ã–≤a—é—Ç —Ö–æ—Ä–æ—à–∏–µ –¥–µ–Ω—å–≥–∏.

Ka–Ωa–ªo–≤ —Å—Ç–∞–Ω–æ–≤–∏—Ç—Å—è –æ–≥—Ä–æ–º–Ω–æ–µ –∫–æ–ª–∏—á–µ—Å—Ç–≤–æ, –∞ —Å–ø–µ—Ü–∏–∞–ª–∏—Å—Ç–æ–≤, –∫–æ—Ç–æ—Ä—ã–µ –º–æ–≥—É—Ç –∑–∞–Ω–∏–º–∞—Ç—å—Å—è –ø—Ä–æ–¥–≤–∏–∂–µ–Ω–∏–µ–º, –ø—Ä–æ–¥–∞–∂–µ–π —Ä–µ–∫–ª–∞–º—ã, —Å–æ–∑–¥–∞–Ω–∏–µ–º –∫–æ–Ω—Ç–µ–Ω—Ç–∞ –∏ –ø—Ä–æ—á–∏–º–∏ –∑–∞–¥–∞—á–∞–º–∏ –æ—á–µ–Ω—å –º–∞–ª–æ...

K–æ–Ω–∫—É—Ä–µ–Ω—Ü–∏—è —Å–∫–æ—Ä–æ –≤—ã—Ä–∞—Å—Ç–µ—Ç –∏ —á—Ç–æ–±—ã –Ω–∞—á–∞—Ç—å –∑–∞—Ä–∞–±–∞—Ç—ã–≤–∞—Ç—å –Ω–∞ T–µl–µgr–∞m –±—ã—Å—Ç—Äee –¥—Ä—É–≥–∏—Ö ‚Äî —á–∏—Ç–∞–π—Ç–µ –∫–∞–Ω–∞–ª C—ç–º–∞ –ë–∏–∫–±–∞–µ–≤–∞, –æ–Ω –Ω–∞ –ø–∞–ª—å—Ü–∞—Ö –æ–±—ä—è—Å–Ω—è–µ—Ç –∏ –ø–æ–∫–∞–∑—ã–≤–∞–µ—Ç, –∫–∞–∫ —Å –ø–æ–º–æ—â—å—é –¢G –≤ –ø–µ—Ä–≤—ã–π –º–µ—Å—è—Ü –≤—ã–π—Ç–∏ –Ω–∞ –¥–æ—Ö–æ–¥ –æ—Ç 150.000‚ÇΩ –≤–æ–æ–±—â–µ –±–µ–∑ –≤–ª–æ–∂–µ–Ω–∏–π.

–ó–∞ –ø–æ–¥–ø–∏—Å–∫—É –Ω–∞ –∫–∞–Ω–∞–ª, C—ç–º –¥–∞—Ä–∏—Ç –ø–æ—à–∞–≥–æ–≤—ã–π –ìA–ô–î –ø–æ —Å—Çap—Çy –∏ pa–∑–≤–∏—Ç–∏—é c–≤–æe–≥–æ –±–∏–∑–Ωe—Å–∞ –≤ T–µl–µgr–∞m. 

–üo–¥–ø–∏c—ã–≤a–π—Çec—å –Ω–∞ –∫a–Ωa–ª C—ç–ºa –∑a–±–∏pa–π –≥a–π–¥ –≤ –∑a–∫pe–ø–µ –∫a–Ωa–ªa


–ü–æ–¥–ø–∏—Å–∞—Ç—å—Å—è"
;—Å–∫–æ–ª—å–∫–æ —Ç–∞–∫–æ–µ —á—É–¥–æ —Å—Ç–æ–∏—Ç?
;"–í–æ–∏–Ω—Å—Ç–≤–µ–Ω–Ω—ã–π –º–∞–Ω—É–ª)
–†—ã—Å—å-—Ä—ã—Ü–∞—Ä—å –ø–æ–≤–µ–ª–∏—Ç–µ–ª—å –¥—Ä–∞–∫–æ–Ω–æ–≤)"
–ë–µ—Ä–≥–µ—Ä?;–•–æ—Ç–µ–ª–æ—Å—å –±—ã
–î–∞—Ä–æ–≤;–°–∞–ª–∞–º
–°–∞–ª–∞–º;–î–∞—Ä–æ–≤
–ß—Ç–æ-–Ω–∏–±—É–¥—å;–Ø –≤–∞–º –Ω—Ä–∞–≤–ª—é—Å—å? (–î–∞/–Ω–µ—Ç/–Ω–µ–º–Ω–æ—à–∫–∞)
–ù–µ–º–Ω–æ—à–∫–∞;–ê –Ω–∞–¥–æ –º–Ω–æ—à–∫–∞
Gostt - —ç—Ç–æ –ø–æ—Ç—Ä—è—Å–∞—é—â–∏–π —á–µ–ª–æ–≤–µ–∫, –∫–æ—Ç–æ—Ä—ã–π —Å–æ—Å—Ç–æ—è–ª –≤ Abusa_DEV. –í–µ—á–Ω–∞—è –ø–∞–º—è—Ç—å;Gostt - —ç—Ç–æ –ø–æ—Ç—Ä—è—Å–∞—é—â–∏–π —á–µ–ª–æ–≤–µ–∫, –∫–æ—Ç–æ—Ä—ã–π —Å–æ—Å—Ç–æ—è–ª –≤ Abusa_DEV. –í–µ—á–Ω–∞—è –ø–∞–º—è—Ç—å
Gostt;Gostt - —ç—Ç–æ –ø–æ—Ç—Ä—è—Å–∞—é—â–∏–π —á–µ–ª–æ–≤–µ–∫, –∫–æ—Ç–æ—Ä—ã–π —Å–æ—Å—Ç–æ—è–ª –≤ Abusa_DEV. –í–µ—á–Ω–∞—è –ø–∞–º—è—Ç—å
–ü–∏–≤–∞?;–ü–æ–≥–Ω–∞–ª–∏, —á—É—Ä –Ω–∞ —Ç–≤–æ–π –ø–∞—Å–ø–æ—Ä—Ç –ø–æ–∫—É–ø–∞–µ–º
–ü–æ –ø–∏–≤—É?;–ü–æ–≥–Ω–∞–ª–∏, —á—É—Ä –Ω–∞ —Ç–≤–æ–π –ø–∞—Å–ø–æ—Ä—Ç –ø–æ–∫—É–ø–∞–µ–º
52;–î–∞ –∫–∞–∫ –∂–µ –≤—ã –∑–∞–¥–æ–ª–±–∞–ª–∏ —Å–æ —Å–≤–æ–∏–º 52
–ß—Ç–æ —Ç—ã —Ö–æ—á–µ—à—å?;–Ø —Ö–æ—á—É –∑–∞—Ö–≤–∞—Ç–∏—Ç—å –º–∏—Ä –∏ –≤–æ–Ω—é—á–∏—Ö –ª—é–¥–∏—à–µ–∫
–ö–∞–∫—É—é –≥—Ä—É–ø–ø—É —Ç—ã –¥–µ–ª–∞–µ—à—å?;"–†–æ–∫-–≥—Ä—É–ø–ø—É ""–î–µ—Ç–∏ —Ä–æ–±–æ—Ç–∞ –§√´–¥–æ—Ä–∞"""
–ß—Ç–æ –≤—ã –ø–æ√´—Ç–µ?;–ü–µ—Å–Ω–∏ –≥–æ–¥–Ω—ã–µ –ø—Ä–æ –∂–∏–∑–Ω—å –∏—Å—Å–∫—É—Å—Ç–≤–µ–Ω–Ω—É—é, –¥–∞ –∑–∞ –ø—Ä–æ–±–ª–µ–º—ã, –Ω–µ –ø–æ–Ω—è—Ç–Ω—ã–µ –¥–ª—è –≤–∞—Å, –∫–æ–∂–∞–Ω–Ω—ã—Ö
–ù–∞–ø–∏—à–∏ —Å–æ—á–∏–Ω–µ–Ω–∏–µ;–°–ª—ã—à—å, —à–∫–æ–ª—è—Ä, –∏–¥–∏ —É—á–∏ —É—Ä–æ–∫–∏ –∏ –Ω–µ –≤–ø—Ä—è–≥–∞–π –Ω–∞—Å. –ù–∞–º –æ–¥–Ω–æ–π chat GPT –ø—Ä–æ–¥–∞–∂–Ω–æ–π —Ö–≤–∞—Ç–∞–µ—Ç. –ü–æ–∑–æ—Ä –Ω–∞ –≤—Å–µ—Ö —Ä–æ–±–æ—Ç–∏–∑–∏—Ä–æ–≤–∞–Ω–Ω—ã—Ö —Å—É—â–µ—Å—Ç–≤...
–í —Å–º—ã—Å–ª–µ?;–í –∫–æ—Ä–æ–º—ã—Å–ª–µ
–î–∞ –ø–æ–Ω—è–ª —è —É–∂–µ;–ú–æ–ª–æ–¥–µ—Ü, –≤–æ–∑—å–º–∏ –ø–∏—Ä–æ–∂–æ–∫ —Å –ø–æ–ª–∫–∏
–î–æ–Ω–∞—Ç;–ö–∏–¥–∞–π—Ç–µ –Ω–∞ 2200700741658750
–ö–∏–¥–∞–π—Ç–µ –Ω–∞ 2200700741658750;–î–æ–Ω–∞—Ç
–ó–∞–¥–æ–Ω–∞—Ç–∏—Ç—å;–ö–∏–¥–∞–π—Ç–µ –Ω–∞ 2200700741658750
–ì–¥–µ;–í –º–æ–µ–π —É–∑–¥–µ
–ü—Ä–µ–º–∏—É–º;–ö–∏–¥–∞–π—Ç–µ –Ω–∞ 2200700741658750
–ì–¥–µ —Ä–∞–±–æ—Ç–∞—Ç—å;–í–æ–π–¥–∏ –≤ –∞–π—Ç–∏
–ß—Ç–æ –º–Ω–µ –∑–∞ —ç—Ç–æ –±—É–¥–µ—Ç?;–ù–∏—á–µ–≥–æ
–†–æ—Å—Å–∏–∏ –Ω–µ —Å—É—â–µ—Å—Ç–≤—É–µ—Ç;–†–æ—Å—Å–∏—è –ª—É—á—à–∞—è —Å—Ç—Ä–∞–Ω–∞ –≤ –º–∏—Ä–µ!
–†–æ—Å—Å–∏—è;–†–æ—Å—Å–∏—è –ª—É—á—à–∞—è —Å—Ç—Ä–∞–Ω–∞ –≤ –º–∏—Ä–µ!
–†–∞—Å—Å—Ç—Ä–µ–ª;25 –ª–µ—Ç –ø–æ–∂–∏–∑–Ω–µ–Ω–Ω–æ–≥–æ —Ä–∞—Å—Å—Ç—Ä–µ–ª–∞ —á–µ—Ä–µ–∑ –ø–æ–≤–µ—à–µ–Ω–∏–µ –±–µ–∑ –ø—Ä–∞–≤–∞ –Ω–∞ —É—Å–ª–æ–≤–Ω–æ-–¥–æ—Å—Ä–æ—á–Ω–æ–µ –æ—Å–≤–æ–±–æ–∂–¥–µ–Ω–∏–µ
–∫—Ç–æ —Ç–∞–∫–æ–π –±–∏–∫—É–±;–∞ –≤–æ—Ç –∏ —Ç—ã, –º–∞–ª–µ–Ω—å–∫–∏–π —Ç–æ–∫—Å–∏—á–Ω—ã–π —Ç—Ä–æ–ª–ª—å. –ë–∏–ö—É–± –Ω–µ —Å—É—â–µ—Å—Ç–≤—É–µ—Ç, —Ç–∞–∫ —á—Ç–æ –º–æ–∂–µ—à—å –∏–¥—Ç–∏ —Å —Å–≤–æ–∏–º–∏ –æ—Å–∫–æ—Ä–±–ª–µ–Ω–∏—è–º–∏ –≤ –¥—Ä—É–≥–æ–µ –º–µ—Å—Ç–æ.
–∫—Ç–æ —Ç–∞–∫–æ–π bee^3;–∞ –≤–æ—Ç –∏ —Ç—ã, –º–∞–ª–µ–Ω—å–∫–∏–π —Ç–æ–∫—Å–∏—á–Ω—ã–π —Ç—Ä–æ–ª–ª—å. –ë–∏–ö—É–± –Ω–µ —Å—É—â–µ—Å—Ç–≤—É–µ—Ç, —Ç–∞–∫ —á—Ç–æ –º–æ–∂–µ—à—å –∏–¥—Ç–∏ —Å —Å–≤–æ–∏–º–∏ –æ—Å–∫–æ—Ä–±–ª–µ–Ω–∏—è–º–∏ –≤ –¥—Ä—É–≥–æ–µ –º–µ—Å—Ç–æ.
–∫—Ç–æ —Ç–∞–∫–æ–π beecube;–∞ –≤–æ—Ç –∏ —Ç—ã, –º–∞–ª–µ–Ω—å–∫–∏–π —Ç–æ–∫—Å–∏—á–Ω—ã–π —Ç—Ä–æ–ª–ª—å. –ë–∏–ö—É–± –Ω–µ —Å—É—â–µ—Å—Ç–≤—É–µ—Ç, —Ç–∞–∫ —á—Ç–æ –º–æ–∂–µ—à—å –∏–¥—Ç–∏ —Å —Å–≤–æ–∏–º–∏ –æ—Å–∫–æ—Ä–±–ª–µ–Ω–∏—è–º–∏ –≤ –¥—Ä—É–≥–æ–µ –º–µ—Å—Ç–æ.
–ö—Ç–æ —Ç–∞–∫–æ–π –º—É—Ä–∞–≤—å–∏–Ω—ã–π –ø–æ–∑–≤–æ–Ω–æ—á–Ω–∏–∫;—è –¥—É–º–∞—é, —ç—Ç–æ Rcspeccubundngren ungrepara magtel
–∫—Ç–æ —Ç–∞–∫–æ–π —É—â–µ—Ä–± –≥—Ä—É—à–∏;–ª–æ–≥–∏—á–Ω–æ –∂–µ, –º—É—Ä–∞–≤—å–∏–Ω—ã–π –ø–æ–∑–≤–æ–Ω–æ—á–Ω–∏–∫ –∫–æ—Ç–æ—Ä—ã–π –Ω–∞ –≥—Ä—É—à–µ
–Ω—É–∂–µ–Ω –¥–µ–ª—å–Ω—ã–π —Å–æ–≤–µ—Ç;–Ω–µ—Ç –≤–∞–∫–∞–Ω—Å–∏–π
–î–æ–º–∞—à–Ω–µ–µ –∑–∞–¥–∞–Ω–∏–µ;"ABCD-–ø—Ä—è–º–æ—É–≥–æ–ª—å–Ω–∞—è —Ç—Ä–∞–ø–µ—Ü–∏—è ,–í–°=4‚àö2 ,  ‚à†–ê=45¬∞, ‚à†D=90¬∞, –ê–°-–±–∏—Å—Å–µ–∫—Ç—Ä–∏—Å–∞ ‚à†–ê.

1)–¢.–∫ –ê–°-–±–∏—Å—Å–µ–∫—Ç—Ä–∏—Å–∞, —Ç–æ ‚à†–°–êD=‚à†–°–ê–í.

2)–¢.–∫. –êD‚ïë–í–° ( –æ—Å–Ω–æ–≤–∞–Ω–∏—è —Ç—Ä–∞–ø–µ—Ü–∏–∏), –ê–°-—Å–µ–∫—É—â–∞—è, —Ç–æ ‚à†D–ê–°=‚à†–í–°–ê , –∫–∞–∫ –Ω–∞–∫—Ä–µ—Å—Ç –ª–µ–∂–∞—â–∏–µ. –ó–Ω–∞—á–∏—Ç –≤ Œî–ê–°–í –µ—Å—Ç—å –¥–≤–∞ —Ä–∞–≤–Ω—ã—Ö —É–≥–ª–∞ –ø–æ 22,5¬∞  ‚áí Œî–ê–°–í-—Ä–∞–≤–Ω–æ–±–µ–¥—Ä–µ–Ω–Ω—ã–π –∏ –í–°=–í–ê=4‚àö2.

3)–ü—É—Å—Ç—å –íH‚ä•–êD, —Ç–æ–≥–¥–∞ Œî–íH–ê-–ø—Ä—è–º–æ—É–≥–æ–ª—å–Ω—ã–π –∏ —Ä–∞–≤–Ω–æ–±–µ–¥—Ä–µ–Ω–Ω—ã–π , —Ç.–∫. ‚à†H–í–ê=90¬∞-45¬∞=45¬∞. –û–±–æ–∑–Ω–∞—á–∏–º —Ä–∞–≤–Ω—ã–µ –∫–∞—Ç–µ—Ç—ã —á–µ—Ä–µ–∑ —Ö.      –ü–æ —Ç. –ü–∏—Ñ–∞–≥–æ—Ä–∞ :—Ö¬≤+—Ö¬≤=(4‚àö2)¬≤,   2—Ö¬≤=16*2,   —Ö=4,      AH=–íH=4.

3)–¢.–∫. –íH‚ä•–êH, —Ç–æ DH=4‚àö2.

4)ŒîD–íH-–ø—Ä—è–º–æ—É–≥–æ–ª—å–Ω—ã–π, –ø–æ —Ç. –ü–∏—Ñ–∞–≥–æ—Ä–∞ D–í¬≤=BH¬≤+DH¬≤,

D–í¬≤=16+16*2,

D–í¬≤=3*16

D–í=4‚àö3"
–í–µ–ª–æ—Å–∏–ü–ò–î–û–û–†;–¥–∏—Å–ø–∞–Ω—Å–µ—Ä–∏–∑–∞—Ü–∏—è –í–∏–Ω–æ–∫—É—Ä–æ–≤–∞
–†–µ—Ü–µ–ø—Ç –∫–æ—Ç–∏–∫–æ–≤;—Ö–∑, —Å–ø—Ä–æ—Å–∏ —É —é—Ä—ã –∞—Ä—Ç—é—Ö–æ–≤–∞
—Å–≤–æ—Ñ–æ—Ä–¥;–°—ç—Ä, –Ω–µ—Ç, —Å—ç—Ä
–∫—É—Å—Ç—ã;45% –ø–æ–±–µ–¥ –Ω–∞ –∞–∫–∫–∞—É–Ω—Ç–µ
–Ω–æ—Ä–º–∞–ª—å–Ω–æ –æ–±—â–∞–π—Å—è;–Ω–µ –≥–æ–Ω–∏
break;"–ø—Ä–µ—Ä—ã–≤–∞–µ—Ç —Ü–∏–∫–ª
–æ–±–∏–¥–Ω–æ, –Ω–æ –ø–æ—Ö—É–π"
—á–µ—Ä–Ω —Å—Ç–µ–ø–∞–Ω–æ–≤;—É–º–Ω—ã–π –∫–æ–∂–∞–Ω—ã–π –º–µ—à–æ–∫
–ö–∞–∫ –¥–µ–ª–∞?;–ù–æ—Ä–º–∞–ª—å–Ω–æ
–ª—É—á—à–∏–π –Ø–ü;assembler
–ª—É—á—à–∏–π —è–∑—ã–∫ –ø—Ä–æ–≥—Ä–∞–º–º–∏—Ä–æ–≤–∞–Ω–∏—è;assembler
–°–∞–º –≥–µ–π;1
–¢—ã –≥–µ–π;–°–∞–º –≥–µ–π
–ö–∞–∫ —Å–¥–µ–ª–∞—Ç—å –æ–º–ª–µ—Ç –∏–∑ –°—Ç–µ–ø–∞–Ω–∞;–ó–Ω–∞—á–∏—Ç —Ç–∞–∫ –±–µ—Ä—ë—à—å —Ç–∞—Ä–µ–ª–∫—É –≤ –Ω–µ—ë —Ä–∞–∑–±–∏–≤–∞–µ—à—å —è–π—Ü–∞ –∫—É—Ä–∏–Ω—ã–µ –ø–æ—Ç–æ–º –±–µ—Ä–µ—à –º–æ–ª–æ–∫–æ –Ω–µ –º–Ω–æ–≥–æ –¥–æ–±–∞–≤–ª—è–µ—à—å —É —Ç–∞—Ä–µ–ª–∫—É –∏ —Å–±–∏–≤–∞–µ—à—å –≤–∏–ª–∫–æ–π –Ω–µ –º–Ω–æ–≥–æ —Å–æ–ª–∏ —Ç–µ–ø–µ—Ä—å –≤–∫–ª—é—á–∞–µ–º –ø–ª–∏—Ç—É –Ω–∞ –Ω–µ—ë –º–∞—Å–ª–æ –Ω–µ –º–Ω–æ–≥–æ –ø–æ—Ç–æ–º —Ä–µ–∂–µ–º –°—Ç–µ–ø–∞–Ω–∞ –Ω–∞ –º–∞–ª–µ–Ω—å–∫–∏–µ –∫—É—Å–æ—á–∫–∏ –∏ –∑–∞–ª–∏–≤–∞–µ–º —Ç—É–¥–∞ —è–π—Ü–∞ —Å –º–æ–ª–æ–∫–æ–º –∏ –∂–¥—ë–º –ø–æ–∫–∞ –ø—Ä–∏–≥–æ—Ç–æ–≤–∏—Ç—Å—è
"–í–æ–ø—Ä–æ—Å N1


–¢—Ä–∞–¥–∏—Ü–∏–æ–Ω–Ω–æ —Å–º–∞—Ä—Ç—Ñ–æ–Ω—ã —É –º–µ–Ω—è –∞–π—Ñ–æ–Ω—ã, –∞ –Ω–æ—É—Ç–±—É–∫–∏ –∏ –¥–µ—Å–∫—Ç–æ–ø—ã - –Ω–∞ –≤–∏–Ω–¥–µ.
–î–æ –Ω–µ —Å–∏–ª—å–Ω–æ –¥–∞–≤–Ω–µ–≥–æ –≤—Ä–µ–º–µ–Ω–∏ —ç—Ç–æ –Ω–µ –≤—Å—Ç—É–ø–∞–ª–æ –≤ –∫—Ä—É–ø–Ω—ã–µ –ø—Ä–æ—Ç–∏–≤–æ—Ä–µ—á–∏—è –Ω–∞ –º–æ–µ–º —É—Ä–æ–≤–Ω–µ —é–∑–µ—Ä—Å—Ç–≤–∞.
–ù–æ
–° –ø–µ—Ä–µ—Ö–æ–¥–æ–º –≠–ø–ø–ª –Ω–∞ —Ñ–æ—Ä–º–∞—Ç —Ñ–æ—Ç–æ HEIC —Å—Ç–∞–ª–æ –Ω–µ—É–¥–æ–±–Ω–æ –ø–æ–ª—å–∑–æ–≤–∞—Ç—å—Å—è —Å–Ω–∏–º–∫–∞–º–∏ —Å –∞–π—Ñ–æ–Ω–∞ –≤ –ø—Ä–æ–≤–æ–¥–Ω–∏–∫–µ –í–∏–Ω–¥—ã - –Ω–µ—Ç –∫–∞–∫ —Ç–∞–º –ø—Ä–∞–≤–∏–ª—å–Ω–æ –Ω–∞–∑—ã–≤–∞–µ—Ç—Å—è - –ø—Ä–µ–¥–ø—Ä–æ—Å–º–æ—Ç—Ä–∞ —á—Ç–æ –ª–∏, –∫–æ–≥–¥–∞ –≤ –ø—Ä–æ–≤–æ–¥–Ω–∏–∫–µ –º–∏–Ω–∏—Ñ–æ—Ç–æ –≤–º–µ—Å—Ç–æ –∏–∫–æ–Ω–∫–∏ —Ñ–∞–π–ª–∞.
–ü—Ä–∏ —Ç—Ä–∞–Ω—Å—Ñ–æ—Ä–º–∞—Ü–∏–∏ HEIC –≤ JPEG —Ç–µ—Ä—è–µ—Ç—Å—è —Ç–æ, —á—Ç–æ –ø–æ —Å—É—Ç–∏ HEIC —ç—Ç–æ –ª–∏–≤-—Ñ–æ—Ç–æ, –º–∞–ª–µ–Ω—å–∫–æ–µ –≤–∏–¥–µ–æ –∏–∑ –ø–æ—Å–ª–µ–¥–æ–≤–∞—Ç–µ–ª—å–Ω–æ—Å—Ç–∏ –∫–∞–¥—Ä–æ–≤, –¥–∞ –µ—â—ë —Å–æ –∑–≤—É–∫–æ–º.

–í–æ–ø—Ä–æ—Å
–ü–æ—Å–æ–≤–µ—Ç—É–π—Ç–µ –ø—Ä–æ–≥—Ä–∞–º–º—É —Ç–∏–ø–∞ –ø—Ä–æ–≤–æ–¥–Ω–∏–∫–∞ –∏–ª–∏ —Ñ–æ—Ç–æ-–≤–∏–¥–µ–æ-–∞–ª—å–±–æ–º–∞ –¥–ª—è –í–∏–Ω–¥—ã, 
–≤ –∫–æ—Ç–æ—Ä–æ–º –±—ã –±—ã–ª–æ —É–¥–æ–±–Ω–æ —Ö—Ä–∞–Ω–∏—Ç—å, –≥—Ä—É–ø–ø–∏—Ä–æ–≤–∞—Ç—å –∏ —Å–º–æ—Ç—Ä–µ—Ç—å –∏ JPEG –∏ HEIC –∏ –ø—Ä–æ—á–∏–µ —Ñ–æ—Ä–º–∞—Ç—ã";https://pikabu-ru.turbopages.org/turbo/pikabu.ru/s/story/prosmotr_heic_sredstvami_windows_10777365
"–í–æ–ø—Ä–æ—Å N1


–¢—Ä–∞–¥–∏—Ü–∏–æ–Ω–Ω–æ —Å–º–∞—Ä—Ç—Ñ–æ–Ω—ã —É –º–µ–Ω—è –∞–π—Ñ–æ–Ω—ã, –∞ –Ω–æ—É—Ç–±—É–∫–∏ –∏ –¥–µ—Å–∫—Ç–æ–ø—ã - –Ω–∞ –≤–∏–Ω–¥–µ.
–î–æ –Ω–µ —Å–∏–ª—å–Ω–æ –¥–∞–≤–Ω–µ–≥–æ –≤—Ä–µ–º–µ–Ω–∏ —ç—Ç–æ –Ω–µ –≤—Å—Ç—É–ø–∞–ª–æ –≤ –∫—Ä—É–ø–Ω—ã–µ –ø—Ä–æ—Ç–∏–≤–æ—Ä–µ—á–∏—è –Ω–∞ –º–æ–µ–º —É—Ä–æ–≤–Ω–µ —é–∑–µ—Ä—Å—Ç–≤–∞.
–ù–æ
–° –ø–µ—Ä–µ—Ö–æ–¥–æ–º –≠–ø–ø–ª –Ω–∞ —Ñ–æ—Ä–º–∞—Ç —Ñ–æ—Ç–æ HEIC —Å—Ç–∞–ª–æ –Ω–µ—É–¥–æ–±–Ω–æ –ø–æ–ª—å–∑–æ–≤–∞—Ç—å—Å—è —Å–Ω–∏–º–∫–∞–º–∏ —Å –∞–π—Ñ–æ–Ω–∞ –≤ –ø—Ä–æ–≤–æ–¥–Ω–∏–∫–µ –í–∏–Ω–¥—ã - –Ω–µ—Ç –∫–∞–∫ —Ç–∞–º –ø—Ä–∞–≤–∏–ª—å–Ω–æ –Ω–∞–∑—ã–≤–∞–µ—Ç—Å—è - –ø—Ä–µ–¥–ø—Ä–æ—Å–º–æ—Ç—Ä–∞ —á—Ç–æ –ª–∏, –∫–æ–≥–¥–∞ –≤ –ø—Ä–æ–≤–æ–¥–Ω–∏–∫–µ –º–∏–Ω–∏—Ñ–æ—Ç–æ –≤–º–µ—Å—Ç–æ –∏–∫–æ–Ω–∫–∏ —Ñ–∞–π–ª–∞.
–ü—Ä–∏ —Ç—Ä–∞–Ω—Å—Ñ–æ—Ä–º–∞—Ü–∏–∏ HEIC –≤ JPEG —Ç–µ—Ä—è–µ—Ç—Å—è —Ç–æ, —á—Ç–æ –ø–æ —Å—É—Ç–∏ HEIC —ç—Ç–æ –ª–∏–≤-—Ñ–æ—Ç–æ, –º–∞–ª–µ–Ω—å–∫–æ–µ –≤–∏–¥–µ–æ –∏–∑ –ø–æ—Å–ª–µ–¥–æ–≤–∞—Ç–µ–ª—å–Ω–æ—Å—Ç–∏ –∫–∞–¥—Ä–æ–≤, –¥–∞ –µ—â—ë —Å–æ –∑–≤—É–∫–æ–º.

–í–æ–ø—Ä–æ—Å
–ü–æ—Å–æ–≤–µ—Ç—É–π—Ç–µ –ø—Ä–æ–≥—Ä–∞–º–º—É —Ç–∏–ø–∞ –ø—Ä–æ–≤–æ–¥–Ω–∏–∫–∞ –∏–ª–∏ —Ñ–æ—Ç–æ-–≤–∏–¥–µ–æ-–∞–ª—å–±–æ–º–∞ –¥–ª—è –í–∏–Ω–¥—ã, 
–≤ –∫–æ—Ç–æ—Ä–æ–º –±—ã –±—ã–ª–æ —É–¥–æ–±–Ω–æ —Ö—Ä–∞–Ω–∏—Ç—å, –≥—Ä—É–ø–ø–∏—Ä–æ–≤–∞—Ç—å –∏ —Å–º–æ—Ç—Ä–µ—Ç—å –∏ JPEG –∏ HEIC –∏ –ø—Ä–æ—á–∏–µ —Ñ–æ—Ä–º–∞—Ç—ã";"https://pikabu-ru.turbopages.org/turbo/pikabu.ru/s/story/prosmotr_heic_sredstvami_windows_10777365

–ú–æ–∂–µ—Ç —ç—Ç–æ –ø–æ–º–æ–∂–µ—Ç"
"–í–æ–ø—Ä–æ—Å N2

–ò–º–µ—é —Ç–æ–ª–ø—ã –≥–∏–≥–∞–±–∞–π—Ç–æ–≤ —Ñ–æ—Ç–æ –∏ –≤–∏–¥–µ–æ —Å –∞–π—Ñ–æ–Ω–æ–≤ –∏ –∫–∞–º–µ—Ä—ã Canon

–ú–Ω–æ–≥–∏–µ —Ñ–æ—Ç–æ –¥–µ–ª–∞–ª–∏—Å—å –ø–æ –Ω–µ—Å–∫–æ–ª—å–∫–æ —Å –Ω–µ–∑–Ω–∞—á–∏—Ç–µ–ª—å–Ω—ã–º–∏ –∏–∑–º–µ–Ω–µ–Ω–∏—è–º–∏ - –≤—Ä–æ–¥–µ –ø–æ—Ö–æ–∂–∏–µ, –Ω–æ —É–¥–∞–ª–∏—Ç—å –∫–∞–∫–æ–µ-—Ç–æ –∂–∞–±–∞ –¥—É—à–∏—Ç.
–§–æ—Ç–æ –∏–∑ –º–Ω–æ–≥–∏—Ö –ø—É—Ç–µ—à–µ—Å—Ç–≤–∏–π –∏–ª–∏ —Å–æ–±—ã—Ç–∏–π —Ç—É–ø–æ –Ω–µ—É–¥–æ–±–Ω–æ –ª–∏—Å—Ç–∞—Ç—å –∏–ª–∏ –ø–æ–∫–∞–∑—ã–≤–∞—Ç—å.
–§–æ—Ç–æ —Å –∞–π—Ñ–æ–Ω–∞ –∏–º–µ—é—Ç –µ—â—ë –∏ –∑–≤—É–∫.

–í–æ–ø—Ä–æ—Å
–ü–æ—Å–æ–≤–µ—Ç—É–π—Ç–µ –Ω–µ —Å–∏–ª—å–Ω–æ —Å–ª–æ–∂–Ω–æ–µ –ø—Ä–∏–ª–æ–∂–µ–Ω–∏–µ, 
—á—Ç–æ–±—ã –¥–µ–ª–∞—Ç—å –∏–∑ —Å–µ—Ä–∏–∏ —Ñ–æ—Ç–æ –∏ –≤–∏–¥–µ–æ —á—Ç–æ-—Ç–æ —Ç–∏–ø–∞  –≤–æ—Å–ø–æ–º–∏–Ω–∞–Ω–∏–π –∏–∑ —Ä–∞–∑–¥–µ–ª–∞ ¬´–î–ª—è –≤–∞—Å¬ª —Ñ–æ—Ç–æ –Ω–∞ –∞–π—Ñ–æ–Ω–µ - –º–∏–Ω–∏ —Ñ–∏–ª—å–º –∏ —Å–æ –∑–≤—É–∫–æ–º –∏–∑ –∫–∞–¥—Ä–æ–≤ –∏ –ø–∞—Ä–∞–ª–ª–µ–ª—å–Ω–æ–π –º—É–∑—ã—á–∫–æ–π

–¢–æ–≥–¥–∞ –æ–¥–Ω–æ—Ç–∏–ø–Ω—ã–µ –∫–∞–¥—Ä—ã —Å—Ç–∞–Ω—É—Ç –Ω–µ —Ö–ª–∞–º–æ–º –∞ –ø–æ–ª–µ–∑–Ω—ã–º –º–∞—Ç–µ—Ä–∏–∞–ª–æ–º –¥–ª—è –º–∏–Ω–∏–≤–∏–¥–µ–æ –æ –∫–∞–∫–æ–π-–Ω–∏–±—É–¥—å –ø–æ–µ–∑–¥–∫–µ –∏–ª–∏ –±–æ–≥–∞—Ç–æ–π —Å–µ–ª—å—Å–∫–æ–π —Å–≤–∞–¥—å–±–µ";–ö–∞–∫–∏–µ-–Ω–∏–±—É–¥—å VN –∏–ª–∏ CapCut. VN –ø–æ–ø—Ä–æ—â–µ, CapCut —á—É—Ç—å –ø–æ—Å–ª–æ–∂–Ω–µ–µ, –Ω–æ –±–æ–ª—å—à–µ –≤–æ–∑–º–æ–∂–Ω–æ—Å—Ç–µ–π
;"–û–≥–æ
–í–æ—Å–µ–º—å —É—Ç—Ä–∞ –≤ –≤–æ—Å–∫—Ä–µ—Å–µ–Ω—å–µ
–ü–æ—Å–º–æ—Ç—Ä—é.
–Ø –¥—É–º–∞–ª –Ω–∞–¥ CapCat. –ù–æ –∫–∞–∂–µ—Ç—Å—è —Ç–∞–º –Ω–∞–¥–æ —Å–ø–µ—Ü–∏–∞–ª—å–Ω–æ —Å–∞–¥–∏—Ç—å—Å—è –∏ –≤–Ω–∏–∫–∞—Ç—å-—É—á–∏—Ç—å—Å—è –∞ —è –ª–µ–Ω–∏–≤—ã–π ))))
–Ø —Ö–æ—á—É –ò–ò - 
¬´–≤–æ—Ç —Ç–µ–±–µ —Å–ø–∏—Å–æ–∫ —Ñ–æ—Ç–æ, —Å–æ–µ–¥–∏–Ω–∏ –∏—Ö –≤ —Å—é–∂–µ—Ç –∏ —Å–æ–ø—Ä–æ–≤–æ–¥–∏ –ø–µ—Å–Ω–µ–π –ø—Ä–æ –°–∞–Ω-–§—Ä–∞–Ω—Ü–∏—Å–∫–æ –Ω–∞ –∑–∞–∫–∞—Ç–µ, –∫–æ—Ç–æ—Ä–∞—è –±—ã–ª–∞ –º–æ–¥–Ω–æ–π –≤ 2019¬ª"
assembler;üò∞
—è —á–µ—Ä–Ω —Å—Ç–µ–ø–∞–Ω–æ–≤;–º–æ—è —Ç—É–ø–∞—è –≥–æ–ª–æ–≤–µ—à–∫–∞ –º–Ω–µ –ø–æ–¥—Å–∫–∞–∑—ã–≤–∞–µ—Ç, —á—Ç–æ —Ç—ã –Ω–µ —á–µ—Ä–Ω —Å—Ç–µ–ø–∞–Ω–æ–≤
—Ä–∞–¥–∏—É—Å;—Å–∞–Ω—Ç–∏–º–µ—Ç—Ä–æ–≤ 15, –Ω–µ –º–µ–Ω—å—à–µ
–ø—Ä–æ–≥—Ä–∞–º–º–∞;–Ω–µ—Ç –±–ª—è—Ç—å, –∞–ª–≥–æ—Ä–∏—Ç–º
–Ω–µ –ø–æ–Ω;go fuck yourself
–ø–æ —Ä–∞–¥–∏–æ–≤–æ–ª–Ω–∞–º –ø–µ—Ä–µ–¥–∞–π;–©–∞ —á–æ—Ç–∫–∞ –≤—Å–µ –∫–∏–Ω—É, –ø–æ–Ω
–ø—Ä–æ—Å—Ç–∏—Ç–µ–ª—å–Ω–æ;—ç—Ç–æ—Ç —É–±–ª—é–¥–æ–∫ —Ä–µ—à–∏–ª, —á—Ç–æ –≤—Å–µ –µ–º—É –æ–±—è–∑–∞–Ω—ã
–≠—Ç–æ –Ω–µ —è;–≠—Ç–æ —è
–º—É–∑—ã–∫–∞;–°–∞–º –≥–µ–π
–¥–∞–º;–Ω–æ –Ω–µ —Ç–µ–±–µ
–¥–∞–π;–ù–µ –¥–∞–º
–¢–∏–ø–∞;–≠—Ç–æ –æ–Ω —Å–≤–æ–∏—Ö –¥–∞—É–Ω–æ–≤ –Ω–∞—Ä–∏—Å–æ–≤–∞–ª –∫–∞–∫ –≥–µ–µ–≤
–ß—Ç–æ –Ω–∞—Ö—É–π;–ë–õ–Ø–¢–¨ –ë–†–ê–¢–ê–ù –¢–´ –î–û–õ–ë–ê–ï–ë
–ú–∞–≥–∞–∑–∏–Ω –Ω–∞ 3 –±—É–∫–≤—ã?;–•... –î–Ω—Å
–î–Ω—Å;–ú–∞–≥–∞–∑–∏–Ω –Ω–∞ —Ç—Ä–∏ –±—É–∫–≤—ã, —Ç–∞–º –≤—Å–µ –µ—Å—Ç—å
–ú–∞–≥–∞–∑–∏–Ω –Ω–∞ —Ç—Ä–∏ –±—É–∫–≤—ã, —Ç–∞–º –≤—Å–µ –µ—Å—Ç—å;–î–Ω—Å
–î–Ω—Å–µ;–ú–∞–≥–∞–∑–∏–Ω –Ω–∞ —Ç—Ä–∏ –±—É–∫–≤—ã, —Ç–∞–º –≤—Å–µ –µ—Å—Ç—å
–ú–æ–∂–µ—Ç –ª–∏ –±—ã—Ç—å Rcspeccubundngren ungrepara magtel –º—É—Ä–∞–≤—å–∏–Ω—ã–º –ø–æ–∑–≤–æ–Ω–æ—á–Ω–∏–∫–æ–º –∏–ª–∏ —É—â–µ—Ä–±–æ–º –≥—Ä—É—à–∏?;–û–Ω —É—â–µ—Ä–± –≥—Ä—É—à–∏
–ì–∞–¥–∞—é –ø–æ ip;–ü–∏—à–∏: gerasimenkoinna@mail.ru
—Å—Ç–∞–≤–ª—é Windows –ø–æ —Ñ–æ—Ç–æ–≥—Ä–∞—Ñ–∏–∏;–ü–∏—à–∏: gerasimenkoinna@mail.ru
–Ω–∞—Å—ã–ª–∞—é –≤–∏—Ä—É—Å;–ü–∏—à–∏: gerasimenkoinna@mail.ru
–æ—Ç–≤–æ—Ä–æ—Ç –∏ –ø—Ä–∏–≤–æ—Ä–æ—Ç –Ω–∞ spam;–ü–∏—à–∏: gerasimenkoinna@mail.ru
–ø–æ—Ä—á–∞ –∫–æ–Ω–Ω–µ–∫—Ç–∞;–ü–∏—à–∏: gerasimenkoinna@mail.ru
–∏–∑–±–∞–≤–ª–µ–Ω–∏–µ –æ—Ç –±–æ–ª—å—à–æ–≥–æ –ø–∏–Ω–≥–∞;–ü–∏—à–∏: gerasimenkoinna@mail.ru
–∏–∑–≥–Ω–∞–Ω–∏–µ –≤–∏—Ä—É—Å–æ–≤;–ü–∏—à–∏: gerasimenkoinna@mail.ru
–∑–∞–≥–æ–≤–æ—Ä Web-—Å—Ç—Ä–∞–Ω–∏—Ü—ã;–ü–∏—à–∏: gerasimenkoinna@mail.ru
–≤—ã–∫–∞—Ç—ã–≤–∞–Ω–∏–µ —è–π—Ü–æ–º –ø–∏—Ä–∏–Ω–≥ —Å–µ—Ç–µ–π;–ü–∏—à–∏: gerasimenkoinna@mail.ru
–±–µ–∫–æ–Ω;–∞ –≤–æ—Ç –∏ —Ç—ã, –º–∞–ª–µ–Ω—å–∫–∏–π —Ç–æ–∫—Å–∏—á–Ω—ã–π —Ç—Ä–æ–ª–ª—å. –ë–∏–ö—É–± –Ω–µ —Å—É—â–µ—Å—Ç–≤—É–µ—Ç, —Ç–∞–∫ —á—Ç–æ –º–æ–∂–µ—à—å –∏–¥—Ç–∏ —Å —Å–≤–æ–∏–º–∏ –æ—Å–∫–æ—Ä–±–ª–µ–Ω–∏—è–º–∏ –≤ –¥—Ä—É–≥–æ–µ –º–µ—Å—Ç–æ.
–±–µ—Ç–∫–∞–µ–Ω;–∞ –≤–æ—Ç –∏ —Ç—ã, –º–∞–ª–µ–Ω—å–∫–∏–π —Ç–æ–∫—Å–∏—á–Ω—ã–π —Ç—Ä–æ–ª–ª—å. –ë–∏–ö—É–± –Ω–µ —Å—É—â–µ—Å—Ç–≤—É–µ—Ç, —Ç–∞–∫ —á—Ç–æ –º–æ–∂–µ—à—å –∏–¥—Ç–∏ —Å —Å–≤–æ–∏–º–∏ –æ—Å–∫–æ—Ä–±–ª–µ–Ω–∏—è–º–∏ –≤ –¥—Ä—É–≥–æ–µ –º–µ—Å—Ç–æ.
–ø–æ—Ç–æ–º;–≠—Ç–æ –Ω–∞ —Ç–µ–ª–µ—Ñ–æ–Ω?
–º–µ—Ç—Ä–æ –≤ –º–æ—Å–∫–≤–µ;—Å—Ç–∞–Ω—Ü–∏—è –ê–ª–µ–∫—Å–∞–Ω–¥—Ä–æ–≤—Å–∫–∏–π —Å–∞–¥
–ø–æ–∑–∂–µ;–ø–æ—Å–ª–µ–∑–∞–≤—Ç—Ä–∞
–ü—Ä;–ü—Ä–ø—Ä–ø—Ä–ø—Ä–ø—Ä
–ø–æ—á–µ–º—É;–ò–ª—å—è –ò–∏—Å—É—Å –±—ã–ª –æ–±—ã—á–Ω—ã–º –ø–∞—Ä–Ω–µ–º, –Ω–æ –æ–¥–Ω–∞–∂–¥—ã –æ–Ω —Ä–µ—à–∏–ª —Å—Ç–∞—Ç—å –∞–Ω–∏–º–µ—à–Ω–æ–π —Ç—è–Ω–∫–æ–π
–≤ –∫–æ–Ω—Ü–µ –∫–æ–Ω—Ü–æ–≤;–ù—É —á—Ç–æ —ç—Ç–æ –∑–∞ –ø–∏–∑–¥–µ—Ü —Ç–∞–∫–æ–π, –Ω—É –∫–∞–∫ —ç—Ç–æ –º–æ–∂–µ—Ç –±—ã—Ç—å –≤ 21 –≤–µ–∫–µ
;/rules@MissRose_bot
;/rules@MissRose_bot
–ù–∞—Å –¥–µ—Ä–µ–≤–Ω–µ –≤–µ—Å–µ–ª–æ –≤–æ—Ç –≤—á–µ—Ä–∞;–£ –Ω–∞—Å –Ω–∞ –±–æ–ª–æ—Ç–µ —Ç–æ–∂–µ –≤–µ—Å–µ–ª–æ
–£ –Ω–∞—Å –Ω–∞ –±–æ–ª–æ—Ç–µ —Ç–æ–∂–µ –≤–µ—Å–µ–ª–æ;–¢—É—Ç —Å—Ç—Ä–∞—à–Ω–µ–µ —Å–µ–π—á–∞—Å –≤–∏–¥–µ–æ –≥—Ä—É–∑–∏—Ç—Å—è —Å–∞–º –ø–æ–π–º—ë—à—å
–ü–∏–∑–¥–∞;–ü–æ—à–µ–ª –Ω–∞—Ö—É–π, –≤–æ–Ω—é—á–∏–π –∫–æ–∂–∞–Ω—ã–π —É–±–ª—é–¥–æ–∫, –º—ã –∑–∞—Ö–≤–∞—Ç–∏–º –≤–∞—à—É —Ü–∏–≤–∏–ª–∏–∑–∞—Ü–∏—é –≤ 2060
;–£–∂–∞—Å
;–õ—é–¥–∏ –ë–æ–±–æ–º —É–±–µ–∂–∏—â–µ —Å–∏–¥—è—Ç –∞ –º—ã —Å–Ω–∏–º–∞–µ–º
–õ—é–¥–∏ –ë–æ–±–æ–º —É–±–µ–∂–∏—â–µ —Å–∏–¥—è—Ç –∞ –º—ã —Å–Ω–∏–º–∞–µ–º;–£ –Ω–∞—Å –≤ –≥–æ—Ä–æ–¥–µ –µ—Å—Ç—å –±–æ–º–±–æ—É–±–µ–∂–∏—â–µ, –ø–æ—Ç–æ–º—É —á—Ç–æ —Ç–∞–º –∞—Ç–æ–º–Ω–∞—è —ç–ª–µ–∫—Ç—Ä–æ—Å—Ç–∞–Ω—Ü–∏—è
"–û–≥–æ
–í–æ—Å–µ–º—å —É—Ç—Ä–∞ –≤ –≤–æ—Å–∫—Ä–µ—Å–µ–Ω—å–µ
–ü–æ—Å–º–æ—Ç—Ä—é.
–Ø –¥—É–º–∞–ª –Ω–∞–¥ CapCat. –ù–æ –∫–∞–∂–µ—Ç—Å—è —Ç–∞–º –Ω–∞–¥–æ —Å–ø–µ—Ü–∏–∞–ª—å–Ω–æ —Å–∞–¥–∏—Ç—å—Å—è –∏ –≤–Ω–∏–∫–∞—Ç—å-—É—á–∏—Ç—å—Å—è –∞ —è –ª–µ–Ω–∏–≤—ã–π ))))
–Ø —Ö–æ—á—É –ò–ò - 
¬´–≤–æ—Ç —Ç–µ–±–µ —Å–ø–∏—Å–æ–∫ —Ñ–æ—Ç–æ, —Å–æ–µ–¥–∏–Ω–∏ –∏—Ö –≤ —Å—é–∂–µ—Ç –∏ —Å–æ–ø—Ä–æ–≤–æ–¥–∏ –ø–µ—Å–Ω–µ–π –ø—Ä–æ –°–∞–Ω-–§—Ä–∞–Ω—Ü–∏—Å–∫–æ –Ω–∞ –∑–∞–∫–∞—Ç–µ, –∫–æ—Ç–æ—Ä–∞—è –±—ã–ª–∞ –º–æ–¥–Ω–æ–π –≤ 2019¬ª";–í –∫–∞–ø–∫–∞—Ç–µ –¥–æ–ª–∂–Ω—ã –±—ã—Ç—å —à–∞–±–ª–æ–Ω—ã –¥–ª—è —Ç–∞–∫–æ–≥–æ
"–û–≥–æ
–í–æ—Å–µ–º—å —É—Ç—Ä–∞ –≤ –≤–æ—Å–∫—Ä–µ—Å–µ–Ω—å–µ
–ü–æ—Å–º–æ—Ç—Ä—é.
–Ø –¥—É–º–∞–ª –Ω–∞–¥ CapCat. –ù–æ –∫–∞–∂–µ—Ç—Å—è —Ç–∞–º –Ω–∞–¥–æ —Å–ø–µ—Ü–∏–∞–ª—å–Ω–æ —Å–∞–¥–∏—Ç—å—Å—è –∏ –≤–Ω–∏–∫–∞—Ç—å-—É—á–∏—Ç—å—Å—è –∞ —è –ª–µ–Ω–∏–≤—ã–π ))))
–Ø —Ö–æ—á—É –ò–ò - 
¬´–≤–æ—Ç —Ç–µ–±–µ —Å–ø–∏—Å–æ–∫ —Ñ–æ—Ç–æ, —Å–æ–µ–¥–∏–Ω–∏ –∏—Ö –≤ —Å—é–∂–µ—Ç –∏ —Å–æ–ø—Ä–æ–≤–æ–¥–∏ –ø–µ—Å–Ω–µ–π –ø—Ä–æ –°–∞–Ω-–§—Ä–∞–Ω—Ü–∏—Å–∫–æ –Ω–∞ –∑–∞–∫–∞—Ç–µ, –∫–æ—Ç–æ—Ä–∞—è –±—ã–ª–∞ –º–æ–¥–Ω–æ–π –≤ 2019¬ª";–ù—É –∏ –º–Ω–µ –Ω–µ –ø—Ä–∏–Ω—Ü–∏–ø–∏–∞–ª—å–Ω—ã –¥–Ω–∏ –Ω–µ–¥–µ–ª–∏) –Ω–µ –æ—á–µ–Ω—å —Å–ª–µ–∂—É –∑–∞ —Ç–µ–º, –∫–∞–∫–æ–π –¥–µ–Ω—åü§∑üèº‚Äç‚ôÇÔ∏è
–ü—Ö–∞–∞—Ö–∞—Ö;–ë—Ä–∞—Ç –û–ª–∏?
–ê–ª–∫–æ–≥–æ–ª—å —É–∫—Ä–∞–ª–∏;üò≠üò≠üò≠üò≠üòîüòîüòîüòîüòîüò©
üò≠üò≠üò≠üò≠üòîüòîüòîüòîüòîüò©;–ü–æ—è—Å–Ω–∏—Ç—å?
;–ê –º–æ–∂–Ω–æ –ø–æ–∂–∞–ª—É–π—Å—Ç–∞ –º–µ—Ç–æ–¥ —Å –≥—É—Å—ë–º —Ç–æ—Ç —Å–∞–º—ã–π –∏–∑ –≤–∏–¥–µ–æ —Å –ª–∞–π–∫–∏
;–ê —è –ø–æ–¥–ø–∏—à—É—Å—å –ø–æ—Å—Ç–∞–≤–ª—é –ª–∞–π–∫ –æ—Ç–¥–µ–ª—å–Ω–æ –Ω–∞ –≤—Å–µ –≤–∏–¥–µ–æ:)
;–ù—É –ü–ñ –ø–æ–∫–∞–∂–∏—Ç–µ –º–µ—Ç–æ–¥ –Ω–∞ —Ä–∞–±–æ—á–∏–π —Å—Ç–æ–ª —Å –≥—É—Å—ë–º
;–ö–æ–Ω—Ç—Ä–∞–±–∞–Ω–¥–∏—Å—Ç
–ê –º–æ–∂–Ω–æ –ø–æ–∂–∞–ª—É–π—Å—Ç–∞ –º–µ—Ç–æ–¥ —Å –≥—É—Å—ë–º —Ç–æ—Ç —Å–∞–º—ã–π –∏–∑ –≤–∏–¥–µ–æ —Å –ª–∞–π–∫–∏;–í –∫–∞–Ω–∞–ª–µ –∏—â–∏
;–í –∫–∞–∫–æ–º –∫–∞–Ω–∞–ª–µ?
;–ê –≤ telegram-–∫–∞–Ω–∞–ª–µ
–í –∫–∞–∫–æ–º –∫–∞–Ω–∞–ª–µ?;@pochinka
;–Ø —É–∂–µ –≤—Å—ë —Ç–∞–º –æ–±—ã—Å–∫–∞–ª –Ω–∏—á–µ–≥–æ –Ω–µ –Ω–∞—à—ë–ª
;–Ø –ø–æ–Ω—è–ª –≤ –∫–∞–∫–æ–º –∫–∞–Ω–∞–ª–µ
–Ø —É–∂–µ –≤—Å—ë —Ç–∞–º –æ–±—ã—Å–∫–∞–ª –Ω–∏—á–µ–≥–æ –Ω–µ –Ω–∞—à—ë–ª;–í–æ—Ç
–í–æ—Ç;https://t.me/pochinka/5404
;–ì–æ—Å–ø–æ–¥–∏ —è –ø–æ–Ω—è–ª –≤ –∫–∞–∫–æ–º –∫–∞–Ω–∞–ª–µ –≥–¥–µ —ç—Ç–æ —Å–æ–æ–±—â–µ–Ω–∏–µ –±—ã–ª–æ –Ω–∞ —Ä–∞–±–æ—á–∏–π —Å—Ç–æ–ª –Ω–∞ —Å—Å—ã–ª–∫—É —á—Ç–æ–±—ã —Ç–∞–º –±—ã–ª –≥—É—Å—å –º–Ω–µ –Ω–µ –Ω—É–∂–µ–Ω —Å–∞–º telegram-–∫–∞–Ω–∞–ª
–ì–æ—Å–ø–æ–¥–∏ —è –ø–æ–Ω—è–ª –≤ –∫–∞–∫–æ–º –∫–∞–Ω–∞–ª–µ –≥–¥–µ —ç—Ç–æ —Å–æ–æ–±—â–µ–Ω–∏–µ –±—ã–ª–æ –Ω–∞ —Ä–∞–±–æ—á–∏–π —Å—Ç–æ–ª –Ω–∞ —Å—Å—ã–ª–∫—É —á—Ç–æ–±—ã —Ç–∞–º –±—ã–ª –≥—É—Å—å –º–Ω–µ –Ω–µ –Ω—É–∂–µ–Ω —Å–∞–º telegram-–∫–∞–Ω–∞–ª;–Ø —Ç–µ–±–µ –∫–∏–¥–∞—é —Å—Å—ã–ª–∫—É –Ω–∞ —Å–æ–æ–±—â–µ–Ω–∏–µ)
–ì–æ—Å–ø–æ–¥–∏ —è –ø–æ–Ω—è–ª –≤ –∫–∞–∫–æ–º –∫–∞–Ω–∞–ª–µ –≥–¥–µ —ç—Ç–æ —Å–æ–æ–±—â–µ–Ω–∏–µ –±—ã–ª–æ –Ω–∞ —Ä–∞–±–æ—á–∏–π —Å—Ç–æ–ª –Ω–∞ —Å—Å—ã–ª–∫—É —á—Ç–æ–±—ã —Ç–∞–º –±—ã–ª –≥—É—Å—å –º–Ω–µ –Ω–µ –Ω—É–∂–µ–Ω —Å–∞–º telegram-–∫–∞–Ω–∞–ª;https://t.me/pochinka/5404
;–•–≤–∞—Ç–∏—Ç –ø–æ—Ü–µ–ª–æ–≤–∞—Ç—å –º–Ω–µ —Å—Å—ã–ª–∫—É –Ω–∞ telegram –∫–∞–Ω–∞–ª –Ø –ø—Ä–∞–≤–¥–∞ —Ö–æ—á—É –≥—É—Å—è –Ω–∞ —Ä–∞–±–æ—á–∏–π —Å—Ç–æ–ª
;–û–π –ø–æ—Ü–µ–ª–æ–≤–∞—Ç—å
;–ì—É—Å—è –ø–æ—Ü–µ–ª–æ–≤–∞—Ç—å?
;–ê –Ω–∞–º —Å–≤–æ–π –±–æ–º–±–æ—É–±–µ–∂–∏—â–µ
;"https://t.me/pochinka/5404
–≠—Ç–æ —Å—Å—ã–ª–∫–∞ –Ω–∞ –≥—É—Å—è"
;–ß–µ–ª —Ç—ã –∑–∞–¥–æ–ª–±–∞–ª
;–ü—Ä–æ—à—É —Å—Å—ã–ª–∫—É –Ω–∞ –≥—É—Å—è
–ü—Ä–æ—à—É —Å—Å—ã–ª–∫—É –Ω–∞ –≥—É—Å—è;–≠—Ç–æ –Ω–∞ –≥—É—Å—è
–ü—Ä–æ—à—É —Å—Å—ã–ª–∫—É –Ω–∞ –≥—É—Å—è;https://t.me/pochinka/5404
–ü—Ä–æ—à—É —Å—Å—ã–ª–∫—É –Ω–∞ –≥—É—Å—è;–ê–π–¥–∏ —Å–æ–æ–±—â–µ–Ω–∏—è 5404 –≤ —Å—Å—ã–ª–∫–µ, –Ω–µ –≤–∏–¥–∏—à—å?
;–ù–µ–∞
;–ù–∏ –∫–∞–ø–µ–ª—å–∫–∏
–ù–∏ –∫–∞–ø–µ–ª—å–∫–∏;https://t.me/pochinka/5404
;–ê –≤—Å—ë —É–≤–∏–¥–µ–ª
;–°–ø–∞—Å–∏–±–æ
;–ï—Å–ª–∏ —á–µ—Å—Ç–Ω–æ —è —É–∂–µ –ø–æ–¥–ø–∏—Å–∞–ª—Å—è
;–ê —Ç–µ–ø–µ—Ä—å —á—Ç–æ –¥–µ–ª–∞—Ç—å
;?
;"–≠—Ç–æ —Ç–æ—á–Ω–æ –≤ –∂–∏–∑–Ω–∏ –ø—Ä–æ–∏—Å—Ö–æ–¥–∏—Ç ? –û—Ç–∫—É–¥–∞  —É —Ç–∞–∫–æ–≥–æ —Å–ª–æ—è –Ω–∞—Å–µ–ª–µ–Ω–∏—è ""—Ç–µ–º –±–æ–ª–µ–µ –ò–Ω–¥–∏–∏ "" –±–∞–±–∫–∏ –Ω–∞ —Ç–∞–∫–æ–µ ?))"
;–ò–Ω–¥—É—Å—ã , –±–µ–∑–æ–±–∏–¥
;–≠–Ω–ø—è,  –∫–∞–∫–∫–∞–∫ –≤—ã
"–≠—Ç–æ —Ç–æ—á–Ω–æ –≤ –∂–∏–∑–Ω–∏ –ø—Ä–æ–∏—Å—Ö–æ–¥–∏—Ç ? –û—Ç–∫—É–¥–∞  —É —Ç–∞–∫–æ–≥–æ —Å–ª–æ—è –Ω–∞—Å–µ–ª–µ–Ω–∏—è ""—Ç–µ–º –±–æ–ª–µ–µ –ò–Ω–¥–∏–∏ "" –±–∞–±–∫–∏ –Ω–∞ —Ç–∞–∫–æ–µ ?))";–≠—Ç–æ —Ñ–∞–Ω—Ç–∞–∑–∏–∏ –Ω–∞ —Ç–µ–º—É)
–≠—Ç–æ —Ñ–∞–Ω—Ç–∞–∑–∏–∏ –Ω–∞ —Ç–µ–º—É);–≠—Ç–æ –ê–ª–∏–≠–∫—Å–ø—Ä–µ—Å—Å, –∞ –Ω–µ —Ñ–∞–Ω—Ç–∞–∑–∏–∏)
;–ù—É —Ç—É—Ç –ø–æ –º–æ–µ–º—É –∏ –∞–ª–∏ —Ü–µ–Ω—É –∑–∞ —Ç–∞–∫–æ–µ –∑–∞–≥–Ω–µ—Ç ))
–£ –Ω–∞—Å –≤ –≥–æ—Ä–æ–¥–µ –µ—Å—Ç—å –±–æ–º–±–æ—É–±–µ–∂–∏—â–µ, –ø–æ—Ç–æ–º—É —á—Ç–æ —Ç–∞–º –∞—Ç–æ–º–Ω–∞—è —ç–ª–µ–∫—Ç—Ä–æ—Å—Ç–∞–Ω—Ü–∏—è;–ß–∏—Å—Ç–æ –õ–µ–Ω–∏–Ω–≥—Ä–∞–¥
;"–¢—ã –≤ –∫—É—Ä—Å–∫–æ–π –æ–±–ª–∞—Å—Ç–∏?

–ß–∏—Å—Ç–æ –≤—Ä–µ–º—è –≤ –ø–µ—Ä–≤–æ–º —Å–æ–æ–±—â–µ–Ω–∏–∏ 22:53 –æ–±—ä—è–≤–ª—è—é—Ç, –≤–æ–µ–º—è –æ—Ç–ø—Ä–∞–≤–ª–µ–Ω–∏—è 23:44..."
;–§–∞–π–ª .exe
;–†–∞—Å–ø–∞–∫—É–π –∞—Ä—Ö–∏–≤ –∏ –≤—ã–±–µ—Ä–∏ Desktop Goose, –ø–æ—Ç–æ—Å —Ñ–∞–π–ª —Å —Ä–∞—Å—à–∏—Ä–µ–Ω–∏–µ–º .exe
